frame_timestamp_global,frame_timestamp_local,i_video,i_entity,label,state_left_arm_up,state_left_arm_down,state_left_leg_up,state_left_leg_down,state_right_arm_up,state_right_arm_down,state_right_leg_up,state_right_leg_down,state_jump,state_duck
145,0,1,1,1950,up,up,down,down,down,down,down,down,down,up
150,1,1,1,1950,up,up,down,down,down,down,down,down,down,up
155,2,1,1,1950,up,up,up,up,up,up,down,down,down,up
160,3,1,1,1950,up,up,up,up,down,down,down,down,down,up
165,4,1,1,1950,down,down,up,up,down,down,down,down,down,up
170,5,1,1,1950,down,down,up,up,down,down,down,down,down,up
175,6,1,1,1950,down,down,down,down,down,down,down,down,down,up
180,7,1,1,1950,down,down,down,down,down,down,down,down,down,up
185,8,1,1,1950,down,down,up,up,down,down,up,up,down,up
190,9,1,1,1950,down,down,up,up,up,up,down,down,down,up
195,10,1,1,1950,down,down,down,down,down,down,down,down,down,up
200,11,1,1,1950,down,down,down,down,down,down,down,down,down,up
205,12,1,1,1950,down,down,down,down,down,down,down,down,down,up
210,13,1,1,1950,down,down,down,down,down,down,down,down,down,up
215,14,1,1,1950,down,down,down,down,down,down,down,down,down,up
220,15,1,1,1950,down,down,up,up,down,down,down,down,down,up
225,16,1,1,1950,down,down,down,down,down,down,down,down,down,up
230,17,1,1,1950,down,down,down,down,down,down,down,down,down,up
235,18,1,1,1950,down,down,down,down,down,down,down,down,down,up
240,19,1,1,1950,down,down,down,down,down,down,down,down,down,up
245,20,1,1,1950,down,down,down,down,down,down,down,down,down,up
250,21,1,1,1950,down,down,down,down,down,down,down,down,down,up
255,22,1,1,1950,down,down,down,down,down,down,down,down,down,up
260,23,1,1,1950,down,down,down,down,down,down,down,down,down,up
265,24,1,1,1950,up,up,down,down,up,up,down,down,up,up
270,25,1,1,1950,up,up,down,down,up,up,down,down,down,up
275,26,1,1,1950,up,up,down,down,up,up,down,down,down,up
280,27,1,1,1950,up,up,down,down,up,up,down,down,down,up
285,28,1,1,1950,up,up,down,down,up,up,down,down,down,up
290,29,1,1,1950,up,up,down,down,up,up,down,down,down,up
295,30,1,1,1950,down,down,down,down,down,down,down,down,down,up
300,31,1,1,1950,up,up,down,down,up,up,down,down,down,up
305,32,1,1,1950,up,up,down,down,down,down,down,down,down,up
310,33,1,1,1950,down,down,down,down,down,down,down,down,down,up
315,34,1,1,1950,down,down,down,down,down,down,down,down,down,up
320,35,1,1,1950,down,down,down,down,down,down,down,down,down,up
325,36,1,1,1950,down,down,down,down,down,down,down,down,down,up
335,0,2,2,1950,down,down,down,down,down,down,down,down,down,up
340,1,2,2,1950,down,down,down,down,down,down,down,down,down,up
345,2,2,2,1950,down,down,down,down,down,down,up,up,down,up
350,3,2,2,1950,down,down,down,down,down,down,down,down,down,up
355,4,2,2,1950,down,down,down,down,down,down,down,down,down,up
360,5,2,2,1950,down,down,down,down,down,down,up,up,down,up
365,6,2,2,1950,down,down,down,down,down,down,down,down,down,up
370,7,2,2,1950,up,up,down,down,down,down,down,down,down,up
375,8,2,2,1950,up,up,down,down,down,down,down,down,down,up
380,9,2,2,1950,up,up,down,down,down,down,down,down,down,up
385,10,2,2,1950,up,up,down,down,down,down,down,down,down,up
390,11,2,2,1950,up,up,up,up,down,down,down,down,down,up
395,12,2,2,1950,up,up,up,up,down,down,down,down,down,up
400,13,2,2,1950,up,up,up,up,down,down,up,up,down,up
405,14,2,2,1950,down,down,up,up,down,down,up,up,down,up
410,15,2,2,1950,down,down,up,up,down,down,down,down,down,up
415,16,2,2,1950,up,up,up,up,down,down,down,down,down,up
420,17,2,2,1950,down,down,up,up,down,down,down,down,down,up
425,18,2,2,1950,down,down,down,down,down,down,down,down,down,up
430,19,2,2,1950,down,down,up,up,down,down,up,up,down,up
435,20,2,2,1950,down,down,up,up,down,down,down,down,down,up
440,21,2,2,1950,down,down,down,down,down,down,down,down,down,up
450,23,2,2,1950,up,up,down,down,up,up,down,down,down,up
455,24,2,2,1950,up,up,down,down,up,up,down,down,down,up
460,25,2,2,1950,up,up,down,down,up,up,down,down,down,up
465,26,2,2,1950,up,up,down,down,up,up,down,down,down,up
470,27,2,2,1950,up,up,down,down,up,up,down,down,down,up
475,28,2,2,1950,up,up,down,down,up,up,down,down,down,up
480,29,2,2,1950,up,up,down,down,up,up,down,down,down,up
485,30,2,2,1950,up,up,down,down,up,up,down,down,down,up
490,31,2,2,1950,down,down,down,down,up,up,down,down,down,up
495,32,2,2,1950,down,down,down,down,up,up,down,down,down,up
500,33,2,2,1950,down,down,down,down,up,up,down,down,down,up
505,34,2,2,1950,down,down,down,down,up,up,down,down,down,up
510,35,2,2,1950,down,down,down,down,up,up,down,down,down,up
515,36,2,2,1950,down,down,down,down,up,up,down,down,down,up
520,37,2,2,1950,down,down,down,down,up,up,down,down,down,up
525,38,2,2,1950,down,down,down,down,up,up,down,down,down,up
530,39,2,2,1950,down,down,down,down,up,up,down,down,down,up
535,40,2,2,1950,down,down,down,down,up,up,down,down,down,up
540,41,2,2,1950,down,down,down,down,up,up,down,down,down,up
545,42,2,2,1950,down,down,up,up,down,down,down,down,down,up
550,43,2,2,1950,down,down,down,down,down,down,down,down,down,up
555,44,2,2,1950,down,down,down,down,down,down,up,up,down,up
560,45,2,2,1950,down,down,up,up,down,down,down,down,down,up
565,46,2,2,1950,down,down,down,down,down,down,down,down,down,up
570,47,2,2,1950,down,down,down,down,down,down,down,down,down,up
575,48,2,2,1950,down,down,down,down,down,down,down,down,down,up
595,0,3,3,1950,down,down,down,down,down,down,down,down,down,up
600,1,3,3,1950,down,down,down,down,down,down,down,down,up,up
605,2,3,3,1950,down,down,down,down,down,down,down,down,down,up
610,3,3,3,1950,down,down,down,down,down,down,down,down,down,up
615,4,3,3,1950,down,down,down,down,down,down,down,down,down,up
620,5,3,3,1950,down,down,down,down,down,down,down,down,down,up
625,6,3,3,1950,up,up,down,down,up,up,down,down,down,up
630,7,3,3,1950,up,up,down,down,up,up,up,up,down,up
635,8,3,3,1950,up,up,down,down,up,up,up,up,down,up
640,9,3,3,1950,up,up,down,down,up,up,down,down,down,up
645,10,3,3,1950,up,up,down,down,up,up,down,down,down,up
650,11,3,3,1950,up,up,down,down,up,up,down,down,down,up
655,12,3,3,1950,up,up,up,up,up,up,up,up,down,up
660,13,3,3,1950,up,up,down,down,up,up,down,down,down,up
665,14,3,3,1950,up,up,down,down,up,up,down,down,down,up
670,15,3,3,1950,up,up,down,down,up,up,down,down,down,up
675,16,3,3,1950,up,up,down,down,down,down,down,down,down,up
680,17,3,3,1950,up,up,down,down,down,down,down,down,down,up
685,18,3,3,1950,down,down,down,down,down,down,down,down,down,up
690,19,3,3,1950,up,up,down,down,up,up,down,down,down,up
695,20,3,3,1950,up,up,up,up,up,up,down,down,down,up
700,21,3,3,1950,up,up,down,down,up,up,down,down,down,up
705,22,3,3,1950,up,up,down,down,down,down,down,down,down,up
710,23,3,3,1950,up,up,down,down,up,up,down,down,down,up
715,24,3,3,1950,up,up,up,up,up,up,up,up,down,up
750,0,1,4,1960,up,up,down,down,up,up,down,down,down,up
755,1,1,4,1960,up,up,down,down,up,up,down,down,down,up
760,2,1,4,1960,up,up,down,down,up,up,down,down,down,up
765,3,1,4,1960,up,up,down,down,up,up,down,down,down,up
770,4,1,4,1960,up,up,down,down,up,up,down,down,down,up
775,5,1,4,1960,up,up,down,down,up,up,down,down,down,up
780,6,1,4,1960,up,up,down,down,up,up,down,down,down,up
785,7,1,4,1960,up,up,up,up,up,up,down,down,down,up
790,8,1,4,1960,up,up,up,up,up,up,down,down,down,up
795,9,1,4,1960,up,up,down,down,up,up,down,down,down,up
800,10,1,4,1960,down,down,down,down,down,down,down,down,down,up
805,11,1,4,1960,up,up,down,down,down,down,up,up,down,up
810,12,1,4,1960,up,up,down,down,down,down,up,up,down,up
815,13,1,4,1960,up,up,down,down,up,up,down,down,down,up
820,14,1,4,1960,up,up,down,down,up,up,down,down,down,up
825,15,1,4,1960,up,up,down,down,up,up,down,down,down,up
830,16,1,4,1960,up,up,up,up,up,up,down,down,down,up
835,17,1,4,1960,up,up,up,up,up,up,up,up,down,up
840,18,1,4,1960,down,down,down,down,up,up,down,down,down,up
845,19,1,4,1960,up,up,down,down,up,up,down,down,down,up
885,0,2,5,1960,up,up,down,down,up,up,down,down,up,up
890,1,2,5,1960,up,up,down,down,up,up,down,down,down,up
895,2,2,5,1960,up,up,down,down,up,up,down,down,up,up
900,3,2,5,1960,up,up,down,down,up,up,down,down,down,up
905,4,2,5,1960,up,up,down,down,up,up,down,down,up,up
910,5,2,5,1960,up,up,down,down,up,up,down,down,down,up
915,6,2,5,1960,up,up,down,down,up,up,down,down,up,up
920,7,2,5,1960,up,up,down,down,up,up,down,down,down,up
925,8,2,5,1960,up,up,down,down,up,up,down,down,up,up
930,9,2,5,1960,up,up,down,down,up,up,down,down,down,up
935,10,2,5,1960,up,up,down,down,up,up,down,down,down,up
940,11,2,5,1960,up,up,down,down,up,up,down,down,down,up
945,12,2,5,1960,up,up,down,down,up,up,down,down,down,up
950,13,2,5,1960,up,up,down,down,up,up,down,down,down,up
955,14,2,5,1960,up,up,down,down,up,up,down,down,down,up
960,15,2,5,1960,up,up,down,down,up,up,down,down,down,up
965,16,2,5,1960,down,down,down,down,down,down,down,down,down,up
970,17,2,5,1960,down,down,down,down,up,up,down,down,up,up
975,18,2,5,1960,up,up,down,down,up,up,down,down,down,up
980,19,2,5,1960,up,up,down,down,down,down,up,up,down,up
985,20,2,5,1960,down,down,down,down,up,up,down,down,down,up
990,21,2,5,1960,up,up,down,down,up,up,down,down,down,up
995,22,2,5,1960,up,up,down,down,up,up,down,down,down,up
1000,23,2,5,1960,up,up,down,down,up,up,down,down,down,up
1005,24,2,5,1960,up,up,down,down,up,up,down,down,down,up
1010,25,2,5,1960,down,down,down,down,down,down,down,down,down,up
1015,26,2,5,1960,down,down,down,down,down,down,down,down,up,up
1020,27,2,5,1960,up,up,down,down,down,down,down,down,down,up
1025,28,2,5,1960,down,down,down,down,down,down,down,down,up,up
1030,29,2,5,1960,down,down,down,down,up,up,down,down,down,up
1035,30,2,5,1960,down,down,down,down,up,up,down,down,down,up
1040,31,2,5,1960,down,down,down,down,up,up,down,down,down,up
1045,32,2,5,1960,down,down,down,down,up,up,down,down,down,up
1050,33,2,5,1960,up,up,down,down,up,up,down,down,down,up
1055,34,2,5,1960,up,up,down,down,up,up,down,down,down,up
1060,35,2,5,1960,up,up,down,down,up,up,down,down,down,up
1065,36,2,5,1960,up,up,down,down,up,up,down,down,down,up
1070,37,2,5,1960,up,up,down,down,down,down,down,down,down,up
1075,38,2,5,1960,down,down,down,down,up,up,down,down,down,up
1080,39,2,5,1960,down,down,down,down,up,up,down,down,down,up
1085,40,2,5,1960,down,down,down,down,down,down,down,down,down,up
1090,41,2,5,1960,down,down,down,down,down,down,down,down,down,up
1125,0,3,6,1960,up,up,down,down,up,up,down,down,down,up
1130,1,3,6,1960,up,up,down,down,up,up,down,down,down,up
1135,2,3,6,1960,up,up,down,down,up,up,down,down,down,up
1140,3,3,6,1960,up,up,down,down,up,up,down,down,down,up
1145,4,3,6,1960,up,up,down,down,up,up,down,down,down,up
1150,5,3,6,1960,up,up,down,down,up,up,down,down,down,up
1155,6,3,6,1960,down,down,down,down,up,up,down,down,down,up
1160,7,3,6,1960,down,down,down,down,down,down,down,down,down,up
1165,8,3,6,1960,up,up,down,down,up,up,down,down,down,up
1170,9,3,6,1960,down,down,down,down,up,up,down,down,down,up
1175,10,3,6,1960,down,down,down,down,up,up,down,down,down,up
1180,11,3,6,1960,down,down,down,down,up,up,down,down,down,up
1185,12,3,6,1960,up,up,up,up,up,up,down,down,down,up
1190,13,3,6,1960,up,up,down,down,down,down,down,down,up,up
1195,14,3,6,1960,down,down,down,down,up,up,down,down,down,up
1200,15,3,6,1960,down,down,down,down,down,down,down,down,down,up
1205,16,3,6,1960,down,down,down,down,down,down,down,down,down,up
1210,17,3,6,1960,up,up,down,down,down,down,down,down,down,up
1215,18,3,6,1960,up,up,down,down,down,down,down,down,down,up
1220,19,3,6,1960,up,up,down,down,down,down,down,down,down,up
1225,20,3,6,1960,down,down,down,down,down,down,down,down,down,up
1230,21,3,6,1960,up,up,down,down,up,up,down,down,down,up
1235,22,3,6,1960,down,down,up,up,up,up,down,down,down,up
1240,23,3,6,1960,up,up,down,down,down,down,down,down,down,up
1245,24,3,6,1960,up,up,down,down,down,down,down,down,down,up
1250,25,3,6,1960,up,up,down,down,up,up,down,down,down,up
1255,26,3,6,1960,up,up,down,down,up,up,down,down,down,up
1260,27,3,6,1960,up,up,down,down,up,up,down,down,down,up
1265,28,3,6,1960,down,down,down,down,down,down,down,down,down,up
1270,29,3,6,1960,down,down,up,up,up,up,down,down,down,up
1275,30,3,6,1960,down,down,down,down,up,up,down,down,down,up
1280,31,3,6,1960,down,down,down,down,up,up,down,down,down,up
1285,32,3,6,1960,up,up,down,down,up,up,down,down,down,up
1290,33,3,6,1960,down,down,down,down,up,up,down,down,down,up
1295,34,3,6,1960,up,up,down,down,up,up,down,down,down,up
1300,35,3,6,1960,up,up,down,down,up,up,down,down,down,up
1305,36,3,6,1960,down,down,down,down,up,up,down,down,down,up
1310,37,3,6,1960,down,down,up,up,up,up,down,down,down,up
1315,38,3,6,1960,down,down,down,down,up,up,down,down,down,up
1320,39,3,6,1960,down,down,down,down,up,up,down,down,down,up
1325,40,3,6,1960,down,down,down,down,up,up,up,up,down,up
1330,41,3,6,1960,down,down,down,down,down,down,down,down,down,up
1335,42,3,6,1960,down,down,down,down,up,up,down,down,down,up
1340,43,3,6,1960,down,down,up,up,up,up,down,down,down,up
1345,44,3,6,1960,down,down,up,up,down,down,down,down,down,up
1350,45,3,6,1960,up,up,down,down,down,down,down,down,down,up
1355,46,3,6,1960,up,up,down,down,up,up,down,down,down,up
1360,47,3,6,1960,up,up,down,down,up,up,down,down,down,up
1400,1,1,7,1970,down,down,down,down,down,down,down,down,down,up
1405,2,1,7,1970,up,up,down,down,down,down,down,down,down,up
1410,3,1,7,1970,down,down,down,down,down,down,down,down,down,up
1415,4,1,7,1970,up,up,down,down,down,down,down,down,down,up
1420,5,1,7,1970,down,down,down,down,up,up,down,down,down,up
1425,6,1,7,1970,down,down,down,down,down,down,down,down,down,up
1430,7,1,7,1970,up,up,down,down,up,up,down,down,down,up
1435,8,1,7,1970,up,up,down,down,up,up,down,down,down,up
1440,9,1,7,1970,up,up,down,down,up,up,down,down,down,up
1445,10,1,7,1970,up,up,down,down,up,up,up,up,down,up
1450,11,1,7,1970,up,up,down,down,up,up,up,up,down,up
1455,12,1,7,1970,up,up,down,down,up,up,down,down,down,up
1460,13,1,7,1970,up,up,down,down,up,up,down,down,down,up
1465,14,1,7,1970,up,up,down,down,up,up,down,down,down,up
1470,15,1,7,1970,up,up,down,down,up,up,down,down,down,up
1475,16,1,7,1970,up,up,down,down,down,down,down,down,down,up
1480,17,1,7,1970,up,up,down,down,up,up,down,down,down,up
1485,18,1,7,1970,up,up,down,down,up,up,down,down,down,up
1490,19,1,7,1970,up,up,down,down,down,down,down,down,down,up
1495,20,1,7,1970,up,up,down,down,down,down,down,down,down,up
1500,21,1,7,1970,up,up,down,down,down,down,down,down,down,up
1505,22,1,7,1970,up,up,down,down,down,down,down,down,down,up
1510,23,1,7,1970,up,up,down,down,down,down,down,down,down,up
1515,24,1,7,1970,up,up,down,down,down,down,down,down,down,up
1520,25,1,7,1970,up,up,down,down,up,up,down,down,down,up
1525,26,1,7,1970,up,up,down,down,up,up,down,down,down,up
1530,27,1,7,1970,up,up,down,down,up,up,down,down,down,up
1535,28,1,7,1970,up,up,down,down,up,up,down,down,down,up
1540,29,1,7,1970,up,up,down,down,up,up,down,down,down,up
1545,30,1,7,1970,up,up,down,down,up,up,down,down,down,up
1550,31,1,7,1970,up,up,down,down,up,up,down,down,down,up
1555,32,1,7,1970,up,up,down,down,up,up,up,up,down,up
1560,33,1,7,1970,up,up,down,down,up,up,up,up,down,up
1565,34,1,7,1970,down,down,down,down,down,down,down,down,down,up
1570,35,1,7,1970,up,up,up,up,down,down,down,down,down,up
1575,36,1,7,1970,down,down,down,down,down,down,down,down,down,up
1580,37,1,7,1970,up,up,down,down,up,up,down,down,down,up
1585,38,1,7,1970,down,down,down,down,up,up,down,down,down,up
1590,39,1,7,1970,down,down,down,down,up,up,down,down,down,up
1595,40,1,7,1970,up,up,down,down,down,down,down,down,down,up
1600,41,1,7,1970,down,down,down,down,down,down,down,down,down,up
1605,42,1,7,1970,down,down,down,down,up,up,down,down,down,up
1610,43,1,7,1970,down,down,down,down,up,up,down,down,down,up
1615,44,1,7,1970,down,down,down,down,up,up,down,down,down,up
1620,45,1,7,1970,down,down,down,down,up,up,down,down,down,up
1625,46,1,7,1970,down,down,down,down,up,up,down,down,down,up
1630,47,1,7,1970,up,up,down,down,down,down,down,down,down,up
1665,0,2,8,1970,down,down,down,down,up,up,down,down,down,up
1670,1,2,8,1970,down,down,down,down,up,up,down,down,down,up
1675,2,2,8,1970,down,down,down,down,up,up,down,down,down,up
1680,3,2,8,1970,up,up,down,down,up,up,down,down,down,up
1685,4,2,8,1970,down,down,down,down,up,up,down,down,down,up
1690,5,2,8,1970,up,up,down,down,up,up,down,down,down,up
1695,6,2,8,1970,up,up,down,down,down,down,down,down,down,up
1700,7,2,8,1970,down,down,down,down,up,up,down,down,down,up
1705,8,2,8,1970,up,up,down,down,up,up,down,down,down,up
1710,9,2,8,1970,up,up,down,down,up,up,down,down,down,up
1715,10,2,8,1970,up,up,down,down,up,up,down,down,down,up
1720,11,2,8,1970,up,up,down,down,up,up,down,down,down,up
1725,12,2,8,1970,up,up,down,down,up,up,down,down,down,up
1730,13,2,8,1970,up,up,down,down,down,down,down,down,down,up
1735,14,2,8,1970,up,up,down,down,up,up,down,down,down,up
1740,15,2,8,1970,up,up,down,down,up,up,down,down,down,up
1745,16,2,8,1970,up,up,down,down,up,up,down,down,down,up
1750,17,2,8,1970,up,up,down,down,up,up,down,down,down,up
1755,18,2,8,1970,up,up,down,down,up,up,down,down,down,up
1760,19,2,8,1970,up,up,down,down,up,up,down,down,down,up
1765,20,2,8,1970,up,up,down,down,up,up,down,down,down,up
1770,21,2,8,1970,up,up,down,down,up,up,down,down,down,up
1775,22,2,8,1970,up,up,down,down,up,up,down,down,down,up
1780,23,2,8,1970,up,up,down,down,up,up,down,down,down,up
1785,24,2,8,1970,up,up,down,down,up,up,down,down,down,up
1790,25,2,8,1970,up,up,down,down,up,up,down,down,down,up
1795,26,2,8,1970,up,up,down,down,up,up,down,down,down,up
1800,27,2,8,1970,up,up,down,down,up,up,down,down,down,up
1805,28,2,8,1970,up,up,down,down,up,up,down,down,down,up
1825,0,3,9,1970,up,up,down,down,down,down,up,up,down,up
1830,1,3,9,1970,down,down,down,down,down,down,up,up,down,up
1835,2,3,9,1970,down,down,down,down,down,down,up,up,down,up
1840,3,3,9,1970,down,down,down,down,up,up,up,up,down,up
1845,4,3,9,1970,down,down,down,down,up,up,up,up,down,up
1850,5,3,9,1970,down,down,down,down,up,up,up,up,down,up
1855,6,3,9,1970,down,down,down,down,up,up,up,up,down,up
1860,7,3,9,1970,down,down,down,down,up,up,up,up,down,up
1865,8,3,9,1970,up,up,down,down,up,up,up,up,down,up
1870,9,3,9,1970,up,up,down,down,down,down,up,up,down,up
1875,10,3,9,1970,up,up,down,down,down,down,up,up,down,up
1880,11,3,9,1970,up,up,down,down,down,down,up,up,down,up
1885,12,3,9,1970,up,up,down,down,down,down,up,up,down,up
1890,13,3,9,1970,up,up,down,down,down,down,up,up,down,up
1895,14,3,9,1970,down,down,down,down,down,down,down,down,down,up
1900,15,3,9,1970,down,down,down,down,up,up,down,down,down,up
1905,16,3,9,1970,down,down,down,down,down,down,up,up,down,up
1950,0,4,10,1970,down,down,down,down,down,down,down,down,down,up
1955,1,4,10,1970,down,down,down,down,down,down,down,down,down,up
1960,2,4,10,1970,down,down,down,down,down,down,down,down,down,up
1965,3,4,10,1970,down,down,down,down,down,down,down,down,down,up
1970,4,4,10,1970,up,up,down,down,down,down,up,up,down,up
1975,5,4,10,1970,up,up,down,down,up,up,down,down,down,up
1980,6,4,10,1970,up,up,down,down,up,up,down,down,down,up
1985,7,4,10,1970,up,up,down,down,down,down,down,down,down,up
1990,8,4,10,1970,up,up,down,down,down,down,down,down,down,up
1995,9,4,10,1970,up,up,down,down,down,down,down,down,down,up
2000,10,4,10,1970,up,up,down,down,down,down,down,down,down,up
2005,11,4,10,1970,up,up,down,down,up,up,down,down,down,up
2040,0,1,11,1980,down,down,up,up,up,up,down,down,down,up
2045,1,1,11,1980,down,down,up,up,up,up,down,down,down,up
2050,2,1,11,1980,down,down,up,up,up,up,down,down,down,up
2055,3,1,11,1980,down,down,up,up,up,up,down,down,down,up
2060,4,1,11,1980,down,down,up,up,down,down,down,down,down,up
2065,5,1,11,1980,down,down,down,down,down,down,down,down,down,up
2070,6,1,11,1980,down,down,down,down,down,down,up,up,down,up
2075,7,1,11,1980,down,down,down,down,down,down,down,down,down,up
2080,8,1,11,1980,down,down,down,down,up,up,up,up,down,up
2085,9,1,11,1980,up,up,up,up,up,up,up,up,down,up
2090,10,1,11,1980,up,up,up,up,up,up,down,down,down,up
2095,11,1,11,1980,up,up,up,up,up,up,down,down,down,up
2100,12,1,11,1980,up,up,up,up,up,up,up,up,down,up
2105,13,1,11,1980,up,up,up,up,up,up,up,up,down,up
2110,14,1,11,1980,up,up,down,down,up,up,up,up,down,up
2115,15,1,11,1980,up,up,down,down,up,up,down,down,down,up
2120,16,1,11,1980,up,up,down,down,up,up,down,down,down,up
2130,18,1,11,1980,up,up,down,down,up,up,down,down,down,up
2135,19,1,11,1980,up,up,down,down,up,up,down,down,down,up
2140,20,1,11,1980,up,up,down,down,up,up,down,down,down,up
2145,21,1,11,1980,up,up,down,down,up,up,down,down,down,down
2150,22,1,11,1980,up,up,down,down,up,up,down,down,down,up
2220,0,2,12,1980,down,down,down,down,down,down,down,down,down,up
2225,1,2,12,1980,up,up,down,down,down,down,down,down,down,up
2230,2,2,12,1980,down,down,down,down,down,down,down,down,down,up
2235,3,2,12,1980,up,up,down,down,down,down,down,down,up,up
2240,4,2,12,1980,up,up,down,down,down,down,down,down,down,up
2245,5,2,12,1980,down,down,down,down,down,down,down,down,up,up
2250,6,2,12,1980,down,down,down,down,down,down,down,down,down,up
2255,7,2,12,1980,down,down,down,down,down,down,down,down,up,up
2260,8,2,12,1980,down,down,down,down,down,down,down,down,down,up
2265,9,2,12,1980,down,down,down,down,down,down,down,down,up,up
2270,10,2,12,1980,down,down,down,down,down,down,down,down,down,up
2275,11,2,12,1980,down,down,down,down,down,down,down,down,up,up
2280,12,2,12,1980,down,down,down,down,down,down,down,down,down,up
2285,13,2,12,1980,down,down,down,down,down,down,up,up,up,up
2290,14,2,12,1980,down,down,down,down,down,down,down,down,down,up
2295,15,2,12,1980,down,down,down,down,down,down,down,down,up,up
2300,16,2,12,1980,down,down,up,up,up,up,down,down,down,up
2305,17,2,12,1980,down,down,up,up,up,up,down,down,up,up
2310,18,2,12,1980,up,up,down,down,up,up,down,down,down,up
2315,19,2,12,1980,down,down,down,down,up,up,down,down,up,up
2320,20,2,12,1980,down,down,down,down,down,down,down,down,down,up
2325,21,2,12,1980,down,down,up,up,down,down,down,down,up,up
2330,22,2,12,1980,down,down,up,up,down,down,down,down,down,up
2335,23,2,12,1980,down,down,down,down,down,down,down,down,up,up
2340,24,2,12,1980,down,down,down,down,down,down,down,down,down,up
2345,25,2,12,1980,up,up,down,down,down,down,up,up,up,up
2350,26,2,12,1980,down,down,down,down,down,down,down,down,down,up
2355,27,2,12,1980,down,down,down,down,down,down,down,down,up,up
2360,28,2,12,1980,up,up,down,down,down,down,down,down,down,up
2365,29,2,12,1980,down,down,down,down,down,down,down,down,up,up
2370,30,2,12,1980,down,down,down,down,down,down,down,down,down,up
2375,31,2,12,1980,down,down,down,down,down,down,down,down,up,up
2380,32,2,12,1980,down,down,down,down,down,down,down,down,down,up
2385,33,2,12,1980,up,up,up,up,down,down,down,down,up,up
2390,34,2,12,1980,up,up,down,down,down,down,down,down,down,up
2395,35,2,12,1980,up,up,down,down,down,down,down,down,up,up
2400,36,2,12,1980,down,down,down,down,down,down,up,up,down,up
2405,37,2,12,1980,up,up,down,down,down,down,down,down,up,up
2410,38,2,12,1980,up,up,down,down,down,down,down,down,down,up
2415,39,2,12,1980,up,up,down,down,down,down,down,down,up,up
2420,40,2,12,1980,down,down,down,down,down,down,down,down,down,up
2425,41,2,12,1980,up,up,down,down,up,up,down,down,up,up
2430,42,2,12,1980,up,up,down,down,down,down,up,up,down,up
2435,43,2,12,1980,up,up,down,down,down,down,down,down,up,up
2440,44,2,12,1980,down,down,up,up,down,down,down,down,down,up
2445,45,2,12,1980,down,down,down,down,down,down,down,down,up,up
2450,46,2,12,1980,down,down,down,down,down,down,down,down,down,up
2455,47,2,12,1980,down,down,down,down,down,down,down,down,up,up
2460,48,2,12,1980,down,down,down,down,down,down,down,down,down,up
2465,49,2,12,1980,down,down,down,down,down,down,down,down,up,up
2470,50,2,12,1980,down,down,down,down,down,down,down,down,down,up
2475,51,2,12,1980,down,down,down,down,down,down,down,down,up,up
2480,52,2,12,1980,down,down,down,down,down,down,down,down,down,up
2485,53,2,12,1980,down,down,down,down,down,down,down,down,up,up
2490,54,2,12,1980,down,down,down,down,down,down,down,down,down,up
2495,55,2,12,1980,down,down,down,down,down,down,down,down,up,up
2500,56,2,12,1980,down,down,down,down,down,down,down,down,down,up
2505,57,2,12,1980,down,down,down,down,down,down,down,down,up,up
2510,58,2,12,1980,down,down,down,down,down,down,down,down,down,up
2515,59,2,12,1980,down,down,down,down,down,down,down,down,down,up
2520,60,2,12,1980,down,down,down,down,down,down,down,down,down,up
2525,61,2,12,1980,down,down,down,down,down,down,down,down,down,up
2530,62,2,12,1980,down,down,down,down,down,down,down,down,down,up
2535,63,2,12,1980,down,down,down,down,down,down,down,down,down,up
2540,64,2,12,1980,down,down,down,down,down,down,down,down,down,up
2545,65,2,12,1980,down,down,up,up,down,down,down,down,down,up
2575,0,3,13,1980,down,down,down,down,down,down,down,down,down,up
2580,1,3,13,1980,down,down,up,up,up,up,down,down,down,up
2585,2,3,13,1980,down,down,down,down,up,up,down,down,down,up
2590,3,3,13,1980,down,down,down,down,up,up,down,down,down,up
2595,4,3,13,1980,down,down,up,up,up,up,down,down,down,up
2600,5,3,13,1980,down,down,down,down,up,up,down,down,down,up
2605,6,3,13,1980,up,up,up,up,down,down,down,down,down,up
2610,7,3,13,1980,up,up,down,down,down,down,down,down,down,up
2615,8,3,13,1980,up,up,up,up,down,down,down,down,down,up
2620,9,3,13,1980,up,up,down,down,down,down,down,down,down,up
2625,10,3,13,1980,up,up,down,down,down,down,down,down,down,up
2630,11,3,13,1980,up,up,down,down,down,down,down,down,down,up
2635,12,3,13,1980,up,up,up,up,down,down,down,down,down,up
2640,13,3,13,1980,up,up,down,down,down,down,down,down,down,up
2645,14,3,13,1980,down,down,up,up,down,down,down,down,down,up
2650,15,3,13,1980,down,down,up,up,down,down,down,down,down,up
2655,16,3,13,1980,down,down,up,up,down,down,down,down,down,up
2660,17,3,13,1980,down,down,up,up,down,down,down,down,down,up
2665,18,3,13,1980,down,down,down,down,down,down,down,down,down,up
2670,19,3,13,1980,down,down,down,down,down,down,down,down,down,up
2675,20,3,13,1980,down,down,up,up,down,down,down,down,down,up
2680,21,3,13,1980,down,down,up,up,down,down,down,down,down,up
2685,22,3,13,1980,down,down,down,down,down,down,down,down,down,up
2690,23,3,13,1980,down,down,up,up,down,down,down,down,down,up
2695,24,3,13,1980,down,down,down,down,down,down,down,down,down,up
2700,25,3,13,1980,down,down,down,down,down,down,down,down,down,up
2705,26,3,13,1980,down,down,up,up,down,down,down,down,down,up
2710,27,3,13,1980,down,down,up,up,down,down,down,down,down,up
2715,28,3,13,1980,down,down,down,down,down,down,down,down,down,up
2720,29,3,13,1980,down,down,down,down,down,down,down,down,down,up
2725,30,3,13,1980,down,down,down,down,down,down,up,up,down,up
2730,31,3,13,1980,down,down,down,down,up,up,down,down,down,up
2735,32,3,13,1980,up,up,down,down,up,up,down,down,down,up
2740,33,3,13,1980,up,up,down,down,up,up,down,down,down,up
2770,0,4,14,1980,down,down,down,down,up,up,down,down,down,up
2775,1,4,14,1980,down,down,down,down,down,down,down,down,down,up
2780,2,4,14,1980,down,down,down,down,down,down,down,down,down,up
2785,3,4,14,1980,up,up,down,down,down,down,down,down,down,up
2790,4,4,14,1980,up,up,down,down,down,down,down,down,down,up
2795,5,4,14,1980,up,up,down,down,down,down,down,down,down,up
2800,6,4,14,1980,up,up,down,down,up,up,down,down,down,up
2805,7,4,14,1980,up,up,down,down,up,up,down,down,down,up
2810,8,4,14,1980,down,down,down,down,down,down,down,down,down,up
2815,9,4,14,1980,up,up,down,down,down,down,up,up,down,up
2820,10,4,14,1980,up,up,down,down,down,down,down,down,down,up
2825,11,4,14,1980,down,down,down,down,down,down,down,down,down,up
2830,12,4,14,1980,down,down,up,up,down,down,down,down,down,up
2835,13,4,14,1980,down,down,down,down,up,up,down,down,down,up
2840,14,4,14,1980,up,up,down,down,up,up,down,down,down,up
2845,15,4,14,1980,down,down,down,down,down,down,down,down,up,up
2850,16,4,14,1980,down,down,down,down,down,down,down,down,down,up
2855,17,4,14,1980,down,down,down,down,down,down,down,down,up,up
2860,18,4,14,1980,down,down,down,down,down,down,down,down,down,up
2865,19,4,14,1980,down,down,down,down,down,down,down,down,down,up
2870,20,4,14,1980,down,down,down,down,down,down,down,down,down,up
2875,21,4,14,1980,down,down,down,down,down,down,down,down,down,up
2880,22,4,14,1980,up,up,up,up,down,down,down,down,down,up
2885,23,4,14,1980,up,up,up,up,down,down,up,up,up,up
2890,24,4,14,1980,down,down,down,down,up,up,down,down,down,up
2895,25,4,14,1980,down,down,down,down,up,up,down,down,up,up
2900,26,4,14,1980,up,up,down,down,up,up,down,down,down,up
2905,27,4,14,1980,up,up,down,down,up,up,down,down,up,up
2910,28,4,14,1980,up,up,down,down,up,up,down,down,down,up
2915,29,4,14,1980,up,up,down,down,up,up,down,down,down,up
2920,30,4,14,1980,up,up,down,down,down,down,down,down,down,up
2925,31,4,14,1980,up,up,up,up,up,up,down,down,down,up
2930,32,4,14,1980,up,up,up,up,up,up,up,up,down,up
2935,33,4,14,1980,down,down,down,down,down,down,down,down,down,up
2960,0,5,15,1980,down,down,down,down,down,down,down,down,down,up
2965,1,5,15,1980,down,down,down,down,down,down,down,down,down,up
2970,2,5,15,1980,down,down,down,down,down,down,down,down,down,up
2975,3,5,15,1980,down,down,down,down,down,down,down,down,down,up
2980,4,5,15,1980,down,down,down,down,down,down,down,down,down,up
2985,5,5,15,1980,down,down,down,down,down,down,down,down,down,up
2990,6,5,15,1980,down,down,down,down,down,down,down,down,down,up
2995,7,5,15,1980,up,up,down,down,down,down,down,down,down,up
3000,8,5,15,1980,up,up,down,down,down,down,down,down,down,up
3005,9,5,15,1980,down,down,down,down,down,down,down,down,down,up
3010,10,5,15,1980,down,down,down,down,down,down,down,down,down,up
3015,11,5,15,1980,down,down,down,down,down,down,down,down,down,up
3020,12,5,15,1980,down,down,down,down,down,down,up,up,down,up
3025,13,5,15,1980,down,down,down,down,down,down,down,down,down,up
3030,14,5,15,1980,down,down,down,down,down,down,down,down,down,up
3035,15,5,15,1980,down,down,down,down,down,down,down,down,down,up
3040,16,5,15,1980,down,down,down,down,down,down,down,down,down,up
3045,17,5,15,1980,down,down,down,down,down,down,down,down,down,up
3050,18,5,15,1980,down,down,down,down,down,down,down,down,down,up
3055,19,5,15,1980,down,down,down,down,down,down,down,down,down,up
3060,20,5,15,1980,down,down,down,down,down,down,down,down,down,up
3065,21,5,15,1980,down,down,down,down,down,down,down,down,down,up
3070,22,5,15,1980,up,up,down,down,down,down,down,down,down,up
3075,23,5,15,1980,down,down,down,down,up,up,down,down,down,up
3080,24,5,15,1980,down,down,down,down,down,down,up,up,down,up
3085,25,5,15,1980,down,down,down,down,down,down,down,down,down,up
3090,26,5,15,1980,down,down,down,down,down,down,down,down,down,up
3095,27,5,15,1980,down,down,down,down,down,down,down,down,down,up
3100,28,5,15,1980,down,down,down,down,down,down,down,down,down,up
3105,29,5,15,1980,down,down,down,down,down,down,down,down,down,up
3110,30,5,15,1980,down,down,down,down,down,down,down,down,down,up
3115,31,5,15,1980,down,down,down,down,down,down,down,down,down,up
3120,32,5,15,1980,up,up,down,down,down,down,up,up,down,up
3125,33,5,15,1980,up,up,down,down,down,down,down,down,down,up
3130,34,5,15,1980,up,up,down,down,down,down,down,down,down,up
3135,35,5,15,1980,down,down,down,down,down,down,down,down,down,up
3140,36,5,15,1980,down,down,down,down,up,up,down,down,down,up
3145,37,5,15,1980,up,up,down,down,up,up,up,up,down,up
3150,38,5,15,1980,up,up,down,down,up,up,down,down,down,up
3155,39,5,15,1980,down,down,down,down,down,down,down,down,down,up
3160,40,5,15,1980,up,up,down,down,up,up,down,down,down,up
3165,41,5,15,1980,up,up,down,down,up,up,down,down,down,up
3200,0,6,16,1980,down,down,down,down,down,down,down,down,down,up
3205,1,6,16,1980,down,down,down,down,down,down,down,down,down,up
3210,2,6,16,1980,down,down,down,down,down,down,down,down,down,up
3215,3,6,16,1980,up,up,down,down,up,up,down,down,down,up
3220,4,6,16,1980,up,up,down,down,up,up,down,down,down,up
3225,5,6,16,1980,up,up,down,down,up,up,down,down,down,up
3230,6,6,16,1980,up,up,down,down,up,up,down,down,down,up
3235,7,6,16,1980,down,down,down,down,down,down,down,down,down,up
3240,8,6,16,1980,down,down,down,down,up,up,down,down,down,up
3245,9,6,16,1980,down,down,down,down,down,down,down,down,down,up
3250,10,6,16,1980,down,down,down,down,down,down,down,down,down,up
3255,11,6,16,1980,down,down,down,down,down,down,down,down,down,up
3265,13,6,16,1980,down,down,up,up,down,down,up,up,down,up
3270,14,6,16,1980,up,up,down,down,down,down,down,down,down,up
3275,15,6,16,1980,down,down,down,down,down,down,down,down,down,up
3280,16,6,16,1980,down,down,down,down,down,down,down,down,down,up
3285,17,6,16,1980,up,up,down,down,up,up,down,down,down,up
3290,18,6,16,1980,up,up,up,up,up,up,down,down,down,up
3295,19,6,16,1980,up,up,up,up,up,up,down,down,down,up
3300,20,6,16,1980,up,up,down,down,up,up,down,down,down,up
3305,21,6,16,1980,down,down,down,down,down,down,down,down,down,up
3310,22,6,16,1980,down,down,down,down,down,down,down,down,down,up
3345,0,1,17,1990,down,down,down,down,down,down,down,down,down,up
3350,1,1,17,1990,down,down,down,down,up,up,up,up,down,up
3355,2,1,17,1990,down,down,up,up,down,down,down,down,down,up
3360,3,1,17,1990,down,down,down,down,up,up,up,up,down,up
3370,5,1,17,1990,up,up,down,down,down,down,up,up,down,up
3375,6,1,17,1990,down,down,down,down,up,up,up,up,down,up
3380,7,1,17,1990,up,up,down,down,up,up,down,down,down,up
3385,8,1,17,1990,down,down,down,down,up,up,down,down,down,up
3390,9,1,17,1990,down,down,down,down,down,down,down,down,down,up
3425,0,2,18,1990,up,up,down,down,up,up,up,up,down,up
3430,1,2,18,1990,up,up,down,down,up,up,up,up,down,up
3435,2,2,18,1990,down,down,down,down,up,up,up,up,down,up
3440,3,2,18,1990,up,up,down,down,up,up,down,down,down,up
3445,4,2,18,1990,down,down,up,up,down,down,up,up,down,up
3450,5,2,18,1990,down,down,down,down,down,down,down,down,down,up
3455,6,2,18,1990,down,down,down,down,up,up,down,down,down,up
3460,7,2,18,1990,down,down,down,down,down,down,down,down,down,up
3465,8,2,18,1990,up,up,down,down,down,down,down,down,down,up
3470,9,2,18,1990,up,up,down,down,down,down,up,up,down,up
3475,10,2,18,1990,up,up,down,down,down,down,down,down,down,up
3480,11,2,18,1990,up,up,down,down,down,down,down,down,down,up
3485,12,2,18,1990,up,up,down,down,down,down,down,down,down,up
3490,13,2,18,1990,up,up,down,down,down,down,down,down,down,up
3495,14,2,18,1990,up,up,down,down,down,down,down,down,down,up
3500,15,2,18,1990,up,up,down,down,down,down,down,down,down,up
3505,16,2,18,1990,up,up,down,down,down,down,down,down,down,up
3510,17,2,18,1990,down,down,down,down,down,down,down,down,down,up
3515,18,2,18,1990,down,down,down,down,down,down,up,up,down,up
3520,19,2,18,1990,down,down,down,down,down,down,down,down,down,up
3525,20,2,18,1990,up,up,down,down,down,down,down,down,down,up
3530,21,2,18,1990,up,up,down,down,down,down,down,down,down,up
3535,22,2,18,1990,up,up,down,down,down,down,down,down,down,up
3540,23,2,18,1990,up,up,down,down,down,down,down,down,down,up
3545,24,2,18,1990,up,up,down,down,down,down,down,down,down,up
3550,25,2,18,1990,up,up,up,up,up,up,down,down,down,up
3555,26,2,18,1990,up,up,up,up,up,up,down,down,down,up
3560,27,2,18,1990,down,down,down,down,up,up,down,down,down,up
3565,28,2,18,1990,down,down,down,down,up,up,down,down,down,up
3570,29,2,18,1990,down,down,down,down,up,up,down,down,down,up
3575,30,2,18,1990,down,down,down,down,up,up,down,down,down,up
3580,31,2,18,1990,down,down,down,down,up,up,down,down,down,up
3585,32,2,18,1990,up,up,down,down,up,up,down,down,down,up
3590,33,2,18,1990,down,down,down,down,down,down,down,down,down,up
3595,34,2,18,1990,down,down,down,down,down,down,down,down,down,up
3600,35,2,18,1990,up,up,down,down,up,up,down,down,down,up
3625,0,3,19,1990,up,up,down,down,up,up,down,down,down,up
3630,1,3,19,1990,up,up,down,down,up,up,down,down,down,up
3635,2,3,19,1990,up,up,down,down,up,up,down,down,down,up
3640,3,3,19,1990,up,up,down,down,up,up,down,down,down,up
3645,4,3,19,1990,up,up,down,down,up,up,down,down,down,up
3650,5,3,19,1990,up,up,down,down,up,up,down,down,down,up
3655,6,3,19,1990,up,up,down,down,up,up,down,down,down,up
3660,7,3,19,1990,up,up,down,down,up,up,down,down,down,up
3665,8,3,19,1990,up,up,down,down,up,up,down,down,down,up
3670,9,3,19,1990,up,up,down,down,up,up,down,down,down,up
3675,10,3,19,1990,up,up,down,down,up,up,down,down,down,up
3680,11,3,19,1990,down,down,down,down,down,down,down,down,down,up
3685,12,3,19,1990,down,down,down,down,down,down,down,down,down,up
3690,13,3,19,1990,down,down,down,down,down,down,down,down,down,up
3695,14,3,19,1990,down,down,down,down,down,down,down,down,down,up
3700,15,3,19,1990,down,down,down,down,down,down,down,down,down,up
3705,16,3,19,1990,down,down,down,down,up,up,down,down,down,up
3710,17,3,19,1990,down,down,down,down,up,up,down,down,down,up
3715,18,3,19,1990,down,down,down,down,up,up,down,down,down,up
3720,19,3,19,1990,up,up,down,down,up,up,down,down,down,up
3725,20,3,19,1990,up,up,down,down,up,up,down,down,down,up
3730,21,3,19,1990,up,up,down,down,up,up,down,down,down,up
3735,22,3,19,1990,up,up,down,down,up,up,down,down,down,up
3740,23,3,19,1990,up,up,down,down,up,up,down,down,down,up
3745,24,3,19,1990,down,down,down,down,up,up,down,down,down,up
3750,25,3,19,1990,down,down,down,down,up,up,down,down,down,up
3755,26,3,19,1990,down,down,down,down,up,up,down,down,down,up
3760,27,3,19,1990,up,up,down,down,up,up,down,down,down,up
3770,29,3,19,1990,up,up,down,down,up,up,down,down,down,up
3780,31,3,19,1990,up,up,down,down,up,up,down,down,down,up
3785,32,3,19,1990,up,up,down,down,up,up,down,down,down,up
3790,33,3,19,1990,up,up,down,down,up,up,down,down,down,up
3795,34,3,19,1990,up,up,down,down,up,up,down,down,down,up
3800,35,3,19,1990,up,up,down,down,up,up,down,down,down,up
3805,36,3,19,1990,up,up,down,down,up,up,down,down,down,up
3810,37,3,19,1990,up,up,down,down,up,up,down,down,down,up
3815,38,3,19,1990,down,down,down,down,down,down,down,down,down,up
3820,39,3,19,1990,up,up,down,down,up,up,down,down,down,up
3825,40,3,19,1990,up,up,down,down,down,down,down,down,down,up
3830,41,3,19,1990,up,up,down,down,up,up,down,down,down,up
3835,42,3,19,1990,up,up,down,down,up,up,down,down,down,up
3840,43,3,19,1990,up,up,down,down,up,up,down,down,down,up
3845,44,3,19,1990,up,up,down,down,up,up,down,down,down,up
3850,45,3,19,1990,up,up,down,down,up,up,down,down,down,up
3855,46,3,19,1990,up,up,up,up,up,up,down,down,down,up
3860,47,3,19,1990,up,up,up,up,up,up,up,up,down,up
3865,48,3,19,1990,up,up,up,up,up,up,up,up,down,up
3870,49,3,19,1990,up,up,down,down,up,up,up,up,down,up
3875,50,3,19,1990,up,up,down,down,up,up,up,up,down,up
3910,0,4,20,1990,up,up,down,down,up,up,down,down,down,up
3915,1,4,20,1990,up,up,down,down,up,up,up,up,down,up
3920,2,4,20,1990,down,down,down,down,up,up,down,down,down,up
3925,3,4,20,1990,up,up,down,down,down,down,down,down,down,up
3930,4,4,20,1990,down,down,down,down,down,down,down,down,down,up
3935,5,4,20,1990,down,down,up,up,up,up,down,down,down,up
3940,6,4,20,1990,down,down,up,up,up,up,down,down,down,up
3945,7,4,20,1990,down,down,down,down,up,up,down,down,down,up
3950,8,4,20,1990,up,up,down,down,down,down,down,down,down,up
3955,9,4,20,1990,down,down,down,down,up,up,down,down,down,up
3960,10,4,20,1990,down,down,down,down,up,up,down,down,down,up
3965,11,4,20,1990,down,down,down,down,up,up,down,down,down,up
3970,12,4,20,1990,up,up,down,down,down,down,down,down,down,up
3975,13,4,20,1990,up,up,down,down,up,up,down,down,down,up
3980,14,4,20,1990,up,up,down,down,up,up,down,down,down,up
3985,15,4,20,1990,down,down,down,down,down,down,down,down,down,up
3990,16,4,20,1990,up,up,down,down,up,up,down,down,down,up
3995,17,4,20,1990,up,up,down,down,up,up,down,down,down,up
4000,18,4,20,1990,down,down,down,down,down,down,down,down,down,up
4005,19,4,20,1990,up,up,down,down,up,up,down,down,down,up
4010,20,4,20,1990,up,up,down,down,up,up,down,down,down,up
4015,21,4,20,1990,down,down,down,down,down,down,down,down,down,up
4020,22,4,20,1990,down,down,down,down,down,down,down,down,down,up
4025,23,4,20,1990,up,up,down,down,up,up,down,down,down,up
4030,24,4,20,1990,down,down,down,down,down,down,down,down,down,up
4035,25,4,20,1990,up,up,down,down,down,down,down,down,down,up
4040,26,4,20,1990,up,up,down,down,up,up,down,down,down,up
4045,27,4,20,1990,down,down,down,down,down,down,down,down,down,up
4050,28,4,20,1990,down,down,down,down,down,down,down,down,down,up
4055,29,4,20,1990,up,up,down,down,up,up,down,down,down,up
4060,30,4,20,1990,down,down,down,down,down,down,down,down,down,up
4065,31,4,20,1990,down,down,down,down,down,down,down,down,down,up
4070,32,4,20,1990,up,up,down,down,up,up,down,down,down,up
4075,33,4,20,1990,up,up,down,down,up,up,down,down,down,up
4080,34,4,20,1990,up,up,down,down,up,up,down,down,down,up
4110,0,5,21,1990,up,up,down,down,up,up,down,down,down,up
4115,1,5,21,1990,up,up,down,down,up,up,down,down,down,up
4120,2,5,21,1990,up,up,down,down,up,up,down,down,down,up
4125,3,5,21,1990,up,up,down,down,up,up,down,down,down,up
4130,4,5,21,1990,up,up,down,down,up,up,down,down,down,up
4135,5,5,21,1990,up,up,down,down,up,up,down,down,down,up
4140,6,5,21,1990,up,up,down,down,up,up,down,down,up,up
4145,7,5,21,1990,up,up,down,down,down,down,down,down,down,up
4150,8,5,21,1990,up,up,down,down,up,up,down,down,up,up
4155,9,5,21,1990,up,up,down,down,up,up,down,down,down,up
4160,10,5,21,1990,up,up,down,down,up,up,down,down,down,up
4165,11,5,21,1990,up,up,down,down,up,up,down,down,down,up
4170,12,5,21,1990,up,up,down,down,up,up,down,down,down,up
4175,13,5,21,1990,up,up,down,down,up,up,down,down,down,up
4180,14,5,21,1990,up,up,down,down,up,up,down,down,down,up
4185,15,5,21,1990,up,up,down,down,up,up,down,down,down,up
4190,16,5,21,1990,up,up,down,down,up,up,down,down,down,up
4195,17,5,21,1990,down,down,down,down,down,down,down,down,down,up
4200,18,5,21,1990,up,up,down,down,up,up,down,down,down,up
4205,19,5,21,1990,up,up,down,down,down,down,down,down,down,up
4210,20,5,21,1990,down,down,down,down,down,down,down,down,down,up
4215,21,5,21,1990,up,up,down,down,up,up,down,down,down,up
4220,22,5,21,1990,down,down,down,down,down,down,down,down,down,up
4225,23,5,21,1990,up,up,down,down,down,down,down,down,down,up
4230,24,5,21,1990,up,up,down,down,up,up,down,down,down,up
4235,25,5,21,1990,down,down,down,down,down,down,down,down,down,up
4240,26,5,21,1990,up,up,down,down,up,up,down,down,down,up
4245,27,5,21,1990,up,up,down,down,down,down,down,down,down,up
4250,28,5,21,1990,down,down,down,down,down,down,down,down,down,up
4255,29,5,21,1990,up,up,up,up,up,up,down,down,down,up
4260,30,5,21,1990,down,down,down,down,down,down,down,down,down,up
4265,31,5,21,1990,down,down,down,down,down,down,down,down,down,up
4270,32,5,21,1990,up,up,up,up,up,up,down,down,down,up
4275,33,5,21,1990,down,down,down,down,down,down,down,down,down,up
4280,34,5,21,1990,up,up,down,down,up,up,down,down,down,up
4285,35,5,21,1990,up,up,down,down,up,up,down,down,down,up
4290,36,5,21,1990,down,down,down,down,down,down,down,down,down,up
4295,37,5,21,1990,up,up,down,down,up,up,down,down,down,up
4300,38,5,21,1990,down,down,down,down,down,down,down,down,down,up
4305,39,5,21,1990,down,down,down,down,down,down,down,down,down,up
4310,40,5,21,1990,up,up,down,down,down,down,down,down,down,up
4315,41,5,21,1990,up,up,down,down,down,down,down,down,down,up
4320,42,5,21,1990,down,down,down,down,down,down,down,down,down,up
4325,43,5,21,1990,down,down,down,down,down,down,down,down,down,up
4330,44,5,21,1990,down,down,down,down,up,up,up,up,down,up
4335,45,5,21,1990,up,up,down,down,up,up,up,up,down,down
4340,46,5,21,1990,up,up,up,up,up,up,down,down,down,up
4345,47,5,21,1990,up,up,up,up,down,down,down,down,down,up
4350,48,5,21,1990,up,up,down,down,down,down,down,down,down,down
4355,49,5,21,1990,down,down,down,down,down,down,down,down,down,up
4390,1,6,22,1990,up,up,down,down,up,up,down,down,down,up
4395,2,6,22,1990,up,up,down,down,up,up,down,down,down,up
4400,3,6,22,1990,up,up,down,down,up,up,down,down,down,up
4405,4,6,22,1990,up,up,down,down,down,down,down,down,down,up
4410,5,6,22,1990,down,down,down,down,down,down,down,down,down,up
4415,6,6,22,1990,down,down,down,down,down,down,up,up,down,up
4420,7,6,22,1990,up,up,down,down,up,up,up,up,down,up
4425,8,6,22,1990,up,up,down,down,up,up,down,down,down,up
4430,9,6,22,1990,up,up,up,up,up,up,down,down,down,up
4435,10,6,22,1990,up,up,down,down,up,up,down,down,down,up
4440,11,6,22,1990,up,up,down,down,down,down,down,down,down,up
4445,12,6,22,1990,up,up,down,down,up,up,up,up,down,up
4450,13,6,22,1990,up,up,down,down,down,down,down,down,down,up
4455,14,6,22,1990,up,up,down,down,down,down,up,up,down,up
4460,15,6,22,1990,down,down,down,down,down,down,up,up,down,up
4465,16,6,22,1990,up,up,down,down,up,up,down,down,down,up
4470,17,6,22,1990,up,up,down,down,up,up,down,down,down,up
4475,18,6,22,1990,up,up,down,down,up,up,up,up,down,up
4480,19,6,22,1990,up,up,down,down,up,up,down,down,down,up
4485,20,6,22,1990,down,down,down,down,up,up,down,down,down,up
4490,21,6,22,1990,up,up,down,down,up,up,up,up,down,up
4495,22,6,22,1990,up,up,down,down,up,up,down,down,down,up
4500,23,6,22,1990,down,down,down,down,up,up,down,down,down,up
4505,24,6,22,1990,up,up,down,down,up,up,down,down,down,up
4510,25,6,22,1990,up,up,down,down,up,up,down,down,down,up
4515,26,6,22,1990,up,up,down,down,up,up,up,up,down,up
4520,27,6,22,1990,up,up,down,down,up,up,down,down,down,up
4525,28,6,22,1990,up,up,down,down,up,up,down,down,down,up
4530,29,6,22,1990,up,up,down,down,up,up,up,up,down,up
4535,30,6,22,1990,up,up,down,down,up,up,down,down,down,up
4540,31,6,22,1990,down,down,down,down,down,down,down,down,down,up
4545,32,6,22,1990,up,up,down,down,down,down,down,down,down,up
4550,33,6,22,1990,down,down,down,down,up,up,down,down,down,up
4555,34,6,22,1990,down,down,down,down,up,up,up,up,down,up
4560,35,6,22,1990,down,down,down,down,down,down,up,up,down,up
4565,36,6,22,1990,down,down,down,down,down,down,down,down,down,up
4570,37,6,22,1990,down,down,down,down,down,down,down,down,down,up
4575,38,6,22,1990,down,down,down,down,up,up,down,down,down,up
4580,39,6,22,1990,down,down,down,down,up,up,down,down,down,up
4585,40,6,22,1990,down,down,down,down,down,down,down,down,down,up
4590,41,6,22,1990,down,down,down,down,down,down,down,down,down,up
4595,42,6,22,1990,down,down,down,down,down,down,down,down,down,up
4600,43,6,22,1990,down,down,down,down,up,up,up,up,down,up
4605,44,6,22,1990,down,down,down,down,up,up,up,up,down,up
4610,45,6,22,1990,down,down,down,down,up,up,up,up,down,up
4615,46,6,22,1990,down,down,down,down,down,down,down,down,down,up
4620,47,6,22,1990,down,down,down,down,down,down,down,down,down,up
4665,0,1,23,2000,up,up,up,up,up,up,up,up,down,up
4670,1,1,23,2000,down,down,up,up,up,up,up,up,down,up
4675,2,1,23,2000,up,up,down,down,up,up,up,up,down,up
4680,3,1,23,2000,up,up,down,down,up,up,up,up,down,up
4685,4,1,23,2000,down,down,up,up,up,up,up,up,down,up
4690,5,1,23,2000,up,up,up,up,up,up,down,down,down,up
4695,6,1,23,2000,up,up,up,up,up,up,down,down,down,up
4700,7,1,23,2000,up,up,up,up,up,up,down,down,down,up
4710,9,1,23,2000,up,up,up,up,up,up,down,down,down,up
4715,10,1,23,2000,down,down,down,down,up,up,down,down,down,up
4720,11,1,23,2000,down,down,down,down,up,up,down,down,down,up
4725,12,1,23,2000,up,up,down,down,up,up,down,down,down,up
4730,13,1,23,2000,down,down,down,down,down,down,down,down,down,up
4735,14,1,23,2000,down,down,down,down,up,up,down,down,down,up
4740,15,1,23,2000,down,down,down,down,up,up,down,down,down,up
4745,16,1,23,2000,up,up,down,down,up,up,down,down,down,up
4750,17,1,23,2000,up,up,down,down,up,up,down,down,down,up
4755,18,1,23,2000,up,up,down,down,up,up,down,down,down,up
4760,19,1,23,2000,up,up,down,down,up,up,down,down,down,up
4765,20,1,23,2000,up,up,down,down,up,up,down,down,down,up
4770,21,1,23,2000,down,down,down,down,down,down,down,down,down,up
4775,22,1,23,2000,up,up,down,down,up,up,down,down,down,up
4780,23,1,23,2000,down,down,down,down,down,down,down,down,down,up
4785,24,1,23,2000,down,down,down,down,down,down,down,down,down,up
4790,25,1,23,2000,down,down,down,down,up,up,down,down,down,up
4795,26,1,23,2000,down,down,down,down,up,up,up,up,down,up
4800,27,1,23,2000,down,down,down,down,up,up,up,up,down,up
4805,28,1,23,2000,up,up,down,down,up,up,up,up,down,up
4810,29,1,23,2000,up,up,down,down,up,up,down,down,down,up
4815,30,1,23,2000,up,up,down,down,up,up,down,down,down,up
4820,31,1,23,2000,down,down,down,down,up,up,down,down,down,up
4825,32,1,23,2000,up,up,up,up,down,down,down,down,down,up
4830,33,1,23,2000,up,up,up,up,down,down,down,down,down,up
4835,34,1,23,2000,up,up,down,down,up,up,down,down,down,up
4840,35,1,23,2000,down,down,down,down,down,down,down,down,down,up
4845,36,1,23,2000,up,up,down,down,down,down,down,down,down,up
4850,37,1,23,2000,up,up,down,down,up,up,down,down,down,up
4855,38,1,23,2000,down,down,down,down,up,up,up,up,down,up
4860,39,1,23,2000,up,up,down,down,up,up,down,down,down,up
4865,40,1,23,2000,up,up,down,down,up,up,down,down,down,up
4870,41,1,23,2000,up,up,up,up,up,up,down,down,up,up
4875,42,1,23,2000,up,up,up,up,up,up,down,down,down,up
4880,43,1,23,2000,up,up,up,up,up,up,down,down,down,up
4885,44,1,23,2000,up,up,down,down,up,up,down,down,down,up
4890,45,1,23,2000,up,up,down,down,up,up,down,down,down,up
4895,46,1,23,2000,down,down,down,down,down,down,down,down,down,up
4900,47,1,23,2000,up,up,up,up,up,up,down,down,down,up
4905,48,1,23,2000,up,up,down,down,up,up,down,down,down,up
4910,49,1,23,2000,up,up,down,down,up,up,up,up,down,up
4915,50,1,23,2000,up,up,down,down,up,up,down,down,down,up
4920,51,1,23,2000,up,up,down,down,up,up,down,down,down,up
4925,52,1,23,2000,up,up,down,down,up,up,down,down,down,up
4930,53,1,23,2000,up,up,down,down,up,up,down,down,down,up
4965,0,2,24,2000,down,down,down,down,up,up,down,down,down,up
4970,1,2,24,2000,down,down,down,down,up,up,down,down,down,up
4975,2,2,24,2000,down,down,down,down,up,up,down,down,down,up
4980,3,2,24,2000,down,down,down,down,up,up,down,down,down,up
4985,4,2,24,2000,down,down,down,down,up,up,down,down,down,up
4990,5,2,24,2000,down,down,down,down,up,up,down,down,down,up
4995,6,2,24,2000,down,down,down,down,up,up,down,down,down,up
5000,7,2,24,2000,down,down,down,down,up,up,down,down,down,up
5005,8,2,24,2000,down,down,down,down,up,up,down,down,down,up
5010,9,2,24,2000,down,down,down,down,up,up,down,down,down,up
5015,10,2,24,2000,down,down,down,down,up,up,down,down,down,up
5020,11,2,24,2000,down,down,down,down,up,up,down,down,down,up
5025,12,2,24,2000,up,up,down,down,down,down,down,down,down,up
5030,13,2,24,2000,down,down,down,down,down,down,up,up,down,up
5035,14,2,24,2000,down,down,down,down,down,down,down,down,down,up
5040,15,2,24,2000,down,down,down,down,down,down,down,down,down,up
5045,16,2,24,2000,up,up,up,up,down,down,down,down,down,up
5050,17,2,24,2000,up,up,up,up,down,down,down,down,down,up
5055,18,2,24,2000,up,up,down,down,down,down,down,down,down,up
5060,19,2,24,2000,down,down,down,down,down,down,up,up,down,up
5065,20,2,24,2000,up,up,up,up,down,down,up,up,down,up
5070,21,2,24,2000,up,up,up,up,down,down,down,down,down,up
5075,22,2,24,2000,down,down,down,down,down,down,up,up,down,up
5080,23,2,24,2000,down,down,down,down,down,down,up,up,down,up
5085,24,2,24,2000,down,down,down,down,down,down,down,down,down,up
5090,25,2,24,2000,up,up,down,down,down,down,up,up,down,up
5095,26,2,24,2000,down,down,down,down,down,down,up,up,down,up
5125,0,3,25,2000,up,up,up,up,down,down,up,up,down,down
5130,1,3,25,2000,up,up,up,up,down,down,up,up,down,up
5135,2,3,25,2000,up,up,up,up,down,down,down,down,down,down
5140,3,3,25,2000,up,up,up,up,down,down,down,down,down,up
5145,4,3,25,2000,up,up,up,up,down,down,down,down,down,down
5150,5,3,25,2000,up,up,up,up,down,down,down,down,down,up
5155,6,3,25,2000,up,up,up,up,down,down,up,up,down,down
5160,7,3,25,2000,up,up,up,up,down,down,down,down,down,up
5165,8,3,25,2000,up,up,up,up,down,down,down,down,down,down
5170,9,3,25,2000,up,up,up,up,down,down,up,up,down,up
5175,10,3,25,2000,up,up,up,up,down,down,down,down,down,down
5180,11,3,25,2000,up,up,up,up,down,down,up,up,down,up
5185,12,3,25,2000,down,down,down,down,down,down,down,down,down,up
5190,13,3,25,2000,down,down,down,down,down,down,down,down,down,up
5195,14,3,25,2000,down,down,down,down,down,down,down,down,down,up
5200,15,3,25,2000,down,down,up,up,down,down,down,down,down,up
5205,16,3,25,2000,down,down,up,up,down,down,up,up,up,up
5210,17,3,25,2000,down,down,up,up,down,down,down,down,down,up
5215,18,3,25,2000,down,down,down,down,down,down,down,down,up,up
5220,19,3,25,2000,down,down,down,down,down,down,down,down,down,up
5225,20,3,25,2000,down,down,down,down,down,down,down,down,up,up
5230,21,3,25,2000,down,down,down,down,up,up,up,up,down,up
5235,22,3,25,2000,down,down,down,down,up,up,down,down,down,up
5240,23,3,25,2000,up,up,down,down,up,up,down,down,up,up
5245,24,3,25,2000,up,up,down,down,up,up,down,down,down,up
5250,25,3,25,2000,up,up,down,down,up,up,up,up,down,up
5255,26,3,25,2000,up,up,down,down,up,up,down,down,down,up
5260,27,3,25,2000,up,up,up,up,up,up,down,down,down,up
5265,28,3,25,2000,up,up,up,up,up,up,down,down,down,up
5270,29,3,25,2000,down,down,up,up,up,up,down,down,down,up
5275,30,3,25,2000,up,up,down,down,up,up,down,down,down,up
5280,31,3,25,2000,up,up,up,up,up,up,down,down,down,up
5285,32,3,25,2000,up,up,down,down,up,up,down,down,down,up
5290,33,3,25,2000,up,up,up,up,up,up,down,down,up,up
5295,34,3,25,2000,up,up,down,down,up,up,down,down,down,up
5300,35,3,25,2000,down,down,down,down,down,down,down,down,down,up
5305,36,3,25,2000,down,down,down,down,down,down,down,down,up,up
5310,37,3,25,2000,up,up,down,down,down,down,down,down,down,up
5315,38,3,25,2000,up,up,down,down,down,down,down,down,down,up
5320,39,3,25,2000,up,up,down,down,down,down,down,down,down,up
5325,40,3,25,2000,down,down,up,up,up,up,down,down,down,up
5330,41,3,25,2000,down,down,up,up,up,up,down,down,down,up
5335,42,3,25,2000,down,down,down,down,up,up,down,down,down,up
5340,43,3,25,2000,down,down,down,down,up,up,up,up,down,up
5345,44,3,25,2000,down,down,down,down,up,up,up,up,down,up
5350,45,3,25,2000,down,down,down,down,down,down,down,down,up,up
5355,46,3,25,2000,down,down,down,down,down,down,down,down,down,up
5360,47,3,25,2000,down,down,down,down,up,up,down,down,up,up
5365,48,3,25,2000,down,down,down,down,up,up,down,down,down,up
5370,49,3,25,2000,down,down,down,down,up,up,down,down,down,up
5375,50,3,25,2000,down,down,down,down,up,up,up,up,down,up
5380,51,3,25,2000,down,down,down,down,up,up,down,down,down,up
5385,52,3,25,2000,down,down,down,down,up,up,down,down,down,up
5390,53,3,25,2000,down,down,down,down,up,up,down,down,up,up
5395,54,3,25,2000,down,down,down,down,up,up,down,down,down,up
5400,55,3,25,2000,down,down,down,down,up,up,down,down,down,up
5405,56,3,25,2000,down,down,down,down,up,up,down,down,down,up
5435,0,4,26,2000,down,down,down,down,up,up,down,down,down,up
5440,1,4,26,2000,up,up,up,up,up,up,down,down,down,up
5445,2,4,26,2000,up,up,down,down,up,up,down,down,down,up
5450,3,4,26,2000,up,up,down,down,up,up,down,down,down,up
5455,4,4,26,2000,up,up,down,down,up,up,down,down,down,up
5460,5,4,26,2000,down,down,down,down,down,down,down,down,down,up
5465,6,4,26,2000,down,down,down,down,up,up,down,down,down,up
5470,7,4,26,2000,up,up,down,down,down,down,down,down,down,up
5475,8,4,26,2000,down,down,down,down,down,down,down,down,down,up
5480,9,4,26,2000,down,down,down,down,down,down,down,down,down,up
5485,10,4,26,2000,up,up,down,down,up,up,down,down,down,up
5490,11,4,26,2000,up,up,down,down,up,up,down,down,down,up
5495,12,4,26,2000,up,up,down,down,up,up,down,down,down,up
5500,13,4,26,2000,up,up,down,down,up,up,down,down,down,up
5505,14,4,26,2000,up,up,down,down,up,up,down,down,down,up
5510,15,4,26,2000,up,up,down,down,up,up,down,down,down,up
5515,16,4,26,2000,up,up,down,down,down,down,down,down,down,up
5520,17,4,26,2000,down,down,down,down,up,up,down,down,down,up
5525,18,4,26,2000,down,down,down,down,up,up,down,down,down,up
5530,19,4,26,2000,down,down,down,down,up,up,down,down,down,up
5535,20,4,26,2000,down,down,down,down,up,up,down,down,down,up
5540,21,4,26,2000,up,up,down,down,down,down,down,down,down,up
5545,22,4,26,2000,up,up,down,down,down,down,down,down,down,up
5550,23,4,26,2000,up,up,down,down,up,up,down,down,down,up
5555,24,4,26,2000,up,up,up,up,up,up,down,down,down,up
5560,25,4,26,2000,up,up,up,up,up,up,down,down,down,up
5565,26,4,26,2000,up,up,up,up,up,up,down,down,down,up
5570,27,4,26,2000,up,up,up,up,up,up,down,down,down,up
5575,28,4,26,2000,up,up,up,up,up,up,down,down,down,up
5580,29,4,26,2000,up,up,up,up,up,up,down,down,down,up
5585,30,4,26,2000,up,up,up,up,up,up,up,up,down,up
5615,0,1,27,2010,down,down,down,down,down,down,up,up,up,up
5620,1,1,27,2010,down,down,down,down,down,down,down,down,down,up
5625,2,1,27,2010,down,down,down,down,down,down,down,down,up,up
5630,3,1,27,2010,up,up,down,down,down,down,down,down,down,up
5635,4,1,27,2010,up,up,down,down,down,down,down,down,up,up
5640,5,1,27,2010,down,down,down,down,up,up,down,down,down,up
5645,6,1,27,2010,down,down,down,down,down,down,down,down,up,up
5650,7,1,27,2010,down,down,down,down,down,down,down,down,down,up
5655,8,1,27,2010,down,down,down,down,down,down,down,down,up,up
5660,9,1,27,2010,down,down,down,down,up,up,up,up,down,up
5665,10,1,27,2010,down,down,down,down,down,down,up,up,down,up
5670,11,1,27,2010,up,up,down,down,up,up,down,down,down,up
5675,12,1,27,2010,up,up,up,up,up,up,down,down,down,up
5680,13,1,27,2010,down,down,up,up,up,up,down,down,up,up
5685,14,1,27,2010,down,down,down,down,down,down,up,up,down,up
5690,15,1,27,2010,down,down,down,down,up,up,up,up,up,up
5695,16,1,27,2010,down,down,down,down,down,down,up,up,down,up
5700,17,1,27,2010,down,down,down,down,up,up,up,up,up,up
5705,18,1,27,2010,up,up,down,down,up,up,down,down,down,up
5710,19,1,27,2010,up,up,down,down,up,up,down,down,down,up
5715,20,1,27,2010,up,up,down,down,up,up,up,up,down,up
5720,21,1,27,2010,down,down,down,down,up,up,down,down,down,up
5725,22,1,27,2010,up,up,up,up,up,up,down,down,down,up
5730,23,1,27,2010,up,up,up,up,up,up,down,down,down,up
5735,24,1,27,2010,up,up,down,down,up,up,down,down,up,up
5740,25,1,27,2010,down,down,up,up,down,down,down,down,down,up
5745,26,1,27,2010,up,up,down,down,up,up,down,down,up,up
5750,27,1,27,2010,up,up,down,down,up,up,up,up,down,up
5755,28,1,27,2010,up,up,down,down,up,up,down,down,up,up
5760,29,1,27,2010,up,up,up,up,up,up,down,down,down,up
5765,30,1,27,2010,up,up,down,down,up,up,down,down,up,up
5770,31,1,27,2010,up,up,down,down,up,up,up,up,down,up
5775,32,1,27,2010,up,up,down,down,up,up,up,up,up,up
5780,33,1,27,2010,up,up,up,up,up,up,up,up,down,up
5785,34,1,27,2010,up,up,down,down,down,down,down,down,down,up
5790,35,1,27,2010,up,up,down,down,up,up,down,down,up,up
5795,36,1,27,2010,down,down,down,down,up,up,down,down,down,up
5800,37,1,27,2010,down,down,down,down,up,up,down,down,up,up
5805,38,1,27,2010,down,down,down,down,down,down,down,down,down,up
5810,39,1,27,2010,down,down,down,down,down,down,down,down,up,up
5815,40,1,27,2010,down,down,down,down,down,down,down,down,down,up
5820,41,1,27,2010,down,down,down,down,down,down,down,down,up,up
5825,42,1,27,2010,down,down,down,down,down,down,down,down,down,up
5855,0,2,28,2010,down,down,down,down,down,down,down,down,down,up
5860,1,2,28,2010,down,down,down,down,down,down,down,down,down,up
5865,2,2,28,2010,up,up,down,down,down,down,down,down,down,up
5870,3,2,28,2010,up,up,down,down,up,up,down,down,down,up
5875,4,2,28,2010,up,up,up,up,up,up,down,down,down,up
5880,5,2,28,2010,up,up,down,down,up,up,down,down,down,up
5885,6,2,28,2010,up,up,up,up,up,up,down,down,down,up
5890,7,2,28,2010,up,up,up,up,up,up,down,down,down,up
5895,8,2,28,2010,up,up,down,down,up,up,down,down,down,up
5900,9,2,28,2010,up,up,down,down,up,up,down,down,down,up
5905,10,2,28,2010,up,up,down,down,up,up,down,down,down,up
5910,11,2,28,2010,up,up,down,down,up,up,down,down,down,up
5915,12,2,28,2010,up,up,down,down,up,up,down,down,down,up
5920,13,2,28,2010,up,up,down,down,up,up,down,down,down,up
5925,14,2,28,2010,up,up,down,down,up,up,down,down,down,up
5930,15,2,28,2010,up,up,down,down,up,up,down,down,down,up
5935,16,2,28,2010,up,up,down,down,up,up,down,down,down,up
5940,17,2,28,2010,up,up,down,down,up,up,down,down,down,up
5945,18,2,28,2010,up,up,down,down,up,up,down,down,down,up
5950,19,2,28,2010,up,up,down,down,up,up,down,down,down,up
5955,20,2,28,2010,up,up,down,down,up,up,down,down,down,up
5960,21,2,28,2010,up,up,down,down,down,down,down,down,down,up
5965,22,2,28,2010,down,down,down,down,up,up,down,down,down,up
5970,23,2,28,2010,up,up,down,down,down,down,down,down,down,up
5975,24,2,28,2010,down,down,up,up,down,down,up,up,down,up
5980,25,2,28,2010,down,down,down,down,down,down,down,down,down,up
5985,26,2,28,2010,down,down,up,up,up,up,down,down,down,up
5990,27,2,28,2010,up,up,up,up,down,down,down,down,down,up
5995,28,2,28,2010,up,up,down,down,down,down,down,down,down,up
6000,29,2,28,2010,up,up,down,down,down,down,down,down,down,up
6005,30,2,28,2010,up,up,down,down,up,up,down,down,down,up
6010,31,2,28,2010,down,down,down,down,up,up,down,down,down,up
6015,32,2,28,2010,up,up,down,down,up,up,down,down,down,up
6020,33,2,28,2010,up,up,down,down,down,down,down,down,down,up
6025,34,2,28,2010,up,up,down,down,down,down,down,down,down,up
6030,35,2,28,2010,up,up,up,up,up,up,down,down,down,up
6035,36,2,28,2010,up,up,down,down,up,up,down,down,down,up
6045,38,2,28,2010,up,up,down,down,down,down,up,up,down,up
6050,39,2,28,2010,down,down,down,down,down,down,down,down,down,up
6055,40,2,28,2010,down,down,down,down,down,down,down,down,down,up
6060,41,2,28,2010,down,down,down,down,down,down,down,down,down,up
6065,42,2,28,2010,up,up,down,down,up,up,down,down,down,up
6070,43,2,28,2010,up,up,down,down,up,up,up,up,down,up
6075,44,2,28,2010,up,up,down,down,up,up,down,down,down,up
6080,45,2,28,2010,up,up,down,down,down,down,down,down,down,up
6085,46,2,28,2010,down,down,down,down,up,up,down,down,down,up
6090,47,2,28,2010,down,down,up,up,up,up,up,up,down,up
6095,48,2,28,2010,down,down,up,up,down,down,down,down,down,up
6125,0,3,29,2010,up,up,up,up,down,down,down,down,down,up
6130,1,3,29,2010,down,down,down,down,down,down,down,down,down,up
6135,2,3,29,2010,down,down,down,down,down,down,down,down,down,up
6140,3,3,29,2010,down,down,down,down,down,down,down,down,up,up
6145,4,3,29,2010,down,down,down,down,down,down,down,down,down,up
6150,5,3,29,2010,down,down,down,down,down,down,down,down,down,up
6155,6,3,29,2010,down,down,down,down,down,down,down,down,down,up
6160,7,3,29,2010,down,down,down,down,down,down,down,down,down,up
6165,8,3,29,2010,up,up,down,down,down,down,down,down,down,up
6170,9,3,29,2010,up,up,down,down,down,down,down,down,down,up
6175,10,3,29,2010,down,down,down,down,up,up,down,down,down,up
6180,11,3,29,2010,down,down,down,down,up,up,down,down,down,up
6185,12,3,29,2010,down,down,down,down,up,up,down,down,down,up
6190,13,3,29,2010,down,down,down,down,up,up,down,down,down,up
6195,14,3,29,2010,down,down,down,down,up,up,down,down,down,up
6200,15,3,29,2010,up,up,down,down,down,down,down,down,down,up
6205,16,3,29,2010,up,up,down,down,down,down,down,down,down,up
6210,17,3,29,2010,down,down,down,down,down,down,down,down,down,up
6215,18,3,29,2010,down,down,down,down,up,up,down,down,down,up
6220,19,3,29,2010,down,down,down,down,up,up,down,down,down,up
6225,20,3,29,2010,up,up,down,down,down,down,down,down,down,up
6230,21,3,29,2010,up,up,down,down,down,down,down,down,down,up
6235,22,3,29,2010,up,up,down,down,down,down,down,down,down,up
6240,23,3,29,2010,up,up,down,down,down,down,down,down,down,up
6245,24,3,29,2010,up,up,down,down,down,down,down,down,down,up
6250,25,3,29,2010,down,down,down,down,down,down,down,down,down,up
6255,26,3,29,2010,down,down,down,down,up,up,down,down,down,up
6260,27,3,29,2010,down,down,down,down,up,up,down,down,down,up
6265,28,3,29,2010,down,down,down,down,up,up,down,down,down,up
6270,29,3,29,2010,up,up,up,up,down,down,down,down,down,up
6275,30,3,29,2010,up,up,up,up,down,down,down,down,down,up
6280,31,3,29,2010,down,down,down,down,up,up,down,down,down,up
6285,32,3,29,2010,down,down,up,up,up,up,down,down,down,up
6290,33,3,29,2010,down,down,up,up,up,up,down,down,up,up
6295,34,3,29,2010,down,down,down,down,down,down,down,down,down,up
6300,35,3,29,2010,down,down,down,down,down,down,down,down,up,up
6305,36,3,29,2010,down,down,down,down,down,down,down,down,down,up
6310,37,3,29,2010,down,down,down,down,down,down,down,down,down,up
6315,38,3,29,2010,down,down,down,down,down,down,down,down,down,up
6320,39,3,29,2010,down,down,down,down,down,down,down,down,down,up
6325,40,3,29,2010,down,down,down,down,down,down,down,down,up,up
6330,41,3,29,2010,down,down,down,down,down,down,down,down,down,up
6335,42,3,29,2010,down,down,down,down,down,down,down,down,down,up
6340,43,3,29,2010,down,down,down,down,up,up,down,down,down,up
6375,0,4,30,2010,up,up,down,down,down,down,down,down,down,up
6380,1,4,30,2010,down,down,down,down,down,down,down,down,down,up
6385,2,4,30,2010,down,down,down,down,down,down,down,down,down,up
6390,3,4,30,2010,down,down,down,down,down,down,down,down,up,up
6395,4,4,30,2010,up,up,down,down,down,down,down,down,down,up
6400,5,4,30,2010,down,down,down,down,down,down,down,down,up,up
6405,6,4,30,2010,down,down,down,down,down,down,down,down,down,up
6410,7,4,30,2010,down,down,down,down,down,down,down,down,down,up
6415,8,4,30,2010,up,up,down,down,up,up,down,down,down,up
6420,9,4,30,2010,down,down,down,down,down,down,down,down,down,up
6425,10,4,30,2010,up,up,down,down,up,up,down,down,down,up
6430,11,4,30,2010,down,down,down,down,down,down,down,down,down,up
6435,12,4,30,2010,down,down,down,down,up,up,down,down,up,up
6440,13,4,30,2010,up,up,down,down,up,up,down,down,down,up
6445,14,4,30,2010,down,down,down,down,up,up,down,down,down,up
6450,15,4,30,2010,down,down,down,down,down,down,down,down,down,up
6455,16,4,30,2010,down,down,down,down,down,down,down,down,down,up
6460,17,4,30,2010,up,up,down,down,up,up,down,down,up,up
6465,18,4,30,2010,up,up,down,down,up,up,down,down,down,up
6470,19,4,30,2010,down,down,down,down,down,down,down,down,down,up
6475,20,4,30,2010,down,down,down,down,down,down,down,down,down,up
6480,21,4,30,2010,up,up,down,down,up,up,down,down,up,up
6485,22,4,30,2010,down,down,down,down,down,down,up,up,down,up
6490,23,4,30,2010,up,up,down,down,up,up,down,down,down,up
6495,24,4,30,2010,up,up,down,down,down,down,down,down,down,up
6500,25,4,30,2010,down,down,down,down,up,up,up,up,down,up
6505,26,4,30,2010,up,up,down,down,up,up,up,up,down,up
6510,27,4,30,2010,up,up,down,down,down,down,up,up,down,up
6515,28,4,30,2010,up,up,down,down,down,down,down,down,down,up
6520,29,4,30,2010,down,down,down,down,down,down,down,down,down,up
6525,30,4,30,2010,up,up,up,up,up,up,down,down,down,up
6530,31,4,30,2010,down,down,down,down,up,up,down,down,down,up
6535,32,4,30,2010,up,up,down,down,down,down,up,up,down,up
6540,33,4,30,2010,up,up,down,down,up,up,down,down,down,up
6545,34,4,30,2010,down,down,up,up,down,down,down,down,down,up
6550,35,4,30,2010,up,up,down,down,up,up,down,down,down,up
6555,36,4,30,2010,down,down,down,down,down,down,down,down,down,up
6595,0,5,31,2010,up,up,down,down,down,down,down,down,down,up
6600,1,5,31,2010,down,down,down,down,down,down,down,down,down,up
6605,2,5,31,2010,up,up,down,down,down,down,down,down,down,up
6610,3,5,31,2010,down,down,down,down,up,up,down,down,down,up
6615,4,5,31,2010,down,down,down,down,down,down,down,down,down,up
6620,5,5,31,2010,down,down,down,down,down,down,down,down,down,up
6625,6,5,31,2010,down,down,down,down,up,up,down,down,down,up
6630,7,5,31,2010,down,down,down,down,up,up,down,down,down,up
6635,8,5,31,2010,down,down,down,down,down,down,down,down,down,up
6640,9,5,31,2010,down,down,down,down,down,down,down,down,down,up
6645,10,5,31,2010,down,down,down,down,down,down,down,down,down,up
6650,11,5,31,2010,down,down,down,down,up,up,down,down,down,up
6655,12,5,31,2010,down,down,down,down,down,down,down,down,down,up
6660,13,5,31,2010,down,down,down,down,down,down,down,down,down,up
6665,14,5,31,2010,down,down,down,down,up,up,down,down,down,up
6670,15,5,31,2010,down,down,down,down,down,down,down,down,down,up
6675,16,5,31,2010,up,up,down,down,down,down,up,up,down,up
6680,17,5,31,2010,down,down,down,down,down,down,down,down,down,up
6685,18,5,31,2010,down,down,down,down,down,down,down,down,down,up
6690,19,5,31,2010,down,down,down,down,down,down,down,down,down,up
6695,20,5,31,2010,down,down,down,down,down,down,down,down,down,up
6700,21,5,31,2010,up,up,down,down,down,down,down,down,down,up
6705,22,5,31,2010,down,down,down,down,up,up,down,down,down,up
6710,23,5,31,2010,down,down,up,up,up,up,down,down,down,up
6715,24,5,31,2010,down,down,down,down,up,up,down,down,down,up
6720,25,5,31,2010,down,down,down,down,down,down,down,down,down,up
6725,26,5,31,2010,down,down,down,down,up,up,down,down,down,up
6730,27,5,31,2010,down,down,down,down,up,up,down,down,down,up
6735,28,5,31,2010,down,down,down,down,up,up,down,down,down,up
6740,29,5,31,2010,up,up,down,down,up,up,down,down,down,up
6745,30,5,31,2010,up,up,down,down,down,down,down,down,down,up
6750,31,5,31,2010,up,up,down,down,down,down,down,down,down,up
6755,32,5,31,2010,up,up,down,down,up,up,down,down,down,up
6785,0,6,32,2010,up,up,down,down,up,up,down,down,down,up
6790,1,6,32,2010,up,up,down,down,up,up,down,down,down,up
6795,2,6,32,2010,up,up,down,down,up,up,down,down,down,up
6800,3,6,32,2010,up,up,down,down,up,up,down,down,down,up
6805,4,6,32,2010,up,up,down,down,up,up,down,down,down,up
6810,5,6,32,2010,up,up,up,up,up,up,down,down,down,up
6815,6,6,32,2010,up,up,down,down,up,up,down,down,down,up
6820,7,6,32,2010,up,up,up,up,up,up,down,down,down,up
6825,8,6,32,2010,down,down,up,up,up,up,down,down,down,up
6830,9,6,32,2010,down,down,up,up,up,up,up,up,down,up
6835,10,6,32,2010,down,down,up,up,up,up,down,down,down,up
6840,11,6,32,2010,down,down,up,up,up,up,down,down,down,up
6845,12,6,32,2010,down,down,up,up,up,up,down,down,down,up
6850,13,6,32,2010,down,down,up,up,up,up,down,down,down,up
6855,14,6,32,2010,up,up,down,down,up,up,down,down,down,up
6860,15,6,32,2010,up,up,down,down,up,up,down,down,down,up
6865,16,6,32,2010,up,up,up,up,up,up,down,down,down,up
6870,17,6,32,2010,up,up,up,up,up,up,down,down,down,up
6875,18,6,32,2010,up,up,down,down,up,up,down,down,down,up
6880,19,6,32,2010,up,up,down,down,up,up,down,down,down,up
6885,20,6,32,2010,up,up,down,down,up,up,down,down,down,up
6890,21,6,32,2010,up,up,down,down,up,up,down,down,down,up
6895,22,6,32,2010,up,up,down,down,up,up,down,down,down,up
6900,23,6,32,2010,down,down,down,down,up,up,down,down,down,up
6905,24,6,32,2010,down,down,up,up,down,down,down,down,down,up
6910,25,6,32,2010,down,down,down,down,up,up,down,down,down,up
6915,26,6,32,2010,up,up,up,up,down,down,down,down,down,up
6920,27,6,32,2010,up,up,down,down,down,down,up,up,down,up
6925,28,6,32,2010,up,up,down,down,down,down,up,up,down,up
6930,29,6,32,2010,down,down,down,down,down,down,down,down,down,up
6935,30,6,32,2010,up,up,down,down,up,up,down,down,down,up
6940,31,6,32,2010,up,up,down,down,up,up,down,down,down,up
6945,32,6,32,2010,down,down,up,up,up,up,down,down,down,up
6950,33,6,32,2010,up,up,down,down,up,up,down,down,down,up
6955,34,6,32,2010,up,up,down,down,up,up,down,down,down,up
6960,35,6,32,2010,up,up,down,down,up,up,down,down,down,up
6995,0,7,33,2010,up,up,down,down,up,up,down,down,down,up
7000,1,7,33,2010,up,up,down,down,up,up,down,down,down,up
7005,2,7,33,2010,up,up,down,down,up,up,down,down,down,up
7010,3,7,33,2010,up,up,down,down,up,up,down,down,down,up
7015,4,7,33,2010,up,up,down,down,up,up,down,down,down,up
7020,5,7,33,2010,up,up,down,down,up,up,down,down,down,up
7025,6,7,33,2010,up,up,down,down,up,up,up,up,down,up
7030,7,7,33,2010,up,up,down,down,up,up,down,down,down,up
7035,8,7,33,2010,up,up,down,down,up,up,down,down,down,up
7040,9,7,33,2010,up,up,down,down,up,up,down,down,down,up
7045,10,7,33,2010,up,up,down,down,up,up,down,down,down,up
7050,11,7,33,2010,up,up,down,down,up,up,down,down,down,up
7055,12,7,33,2010,down,down,down,down,down,down,down,down,down,up
7060,13,7,33,2010,down,down,down,down,down,down,down,down,down,up
7065,14,7,33,2010,down,down,down,down,down,down,down,down,down,up
7070,15,7,33,2010,down,down,down,down,down,down,down,down,down,up
7075,16,7,33,2010,down,down,down,down,down,down,down,down,down,up
7080,17,7,33,2010,down,down,down,down,down,down,down,down,down,up
7085,18,7,33,2010,down,down,down,down,down,down,down,down,down,up
7090,19,7,33,2010,down,down,down,down,down,down,down,down,down,up
7095,20,7,33,2010,down,down,down,down,down,down,down,down,down,up
7100,21,7,33,2010,up,up,up,up,down,down,down,down,down,up
7105,22,7,33,2010,down,down,down,down,down,down,down,down,down,up
7110,23,7,33,2010,down,down,down,down,down,down,down,down,down,up
7115,24,7,33,2010,down,down,down,down,down,down,down,down,down,up
7120,25,7,33,2010,down,down,down,down,down,down,down,down,down,up
7125,26,7,33,2010,down,down,down,down,up,up,down,down,down,up
7130,27,7,33,2010,down,down,down,down,up,up,down,down,down,up
7135,28,7,33,2010,up,up,down,down,down,down,down,down,down,up
7140,29,7,33,2010,down,down,down,down,down,down,down,down,down,up
7145,30,7,33,2010,down,down,down,down,down,down,down,down,down,up
7150,31,7,33,2010,up,up,down,down,down,down,down,down,down,up
7155,32,7,33,2010,down,down,down,down,up,up,down,down,down,up
7160,33,7,33,2010,down,down,down,down,down,down,down,down,down,up
7165,34,7,33,2010,down,down,down,down,down,down,down,down,down,up
7170,35,7,33,2010,up,up,down,down,up,up,down,down,down,up
7175,36,7,33,2010,up,up,down,down,up,up,down,down,down,up
7180,37,7,33,2010,up,up,down,down,up,up,down,down,down,up
7185,38,7,33,2010,up,up,down,down,up,up,down,down,down,up
7190,39,7,33,2010,down,down,down,down,down,down,down,down,down,up
7195,40,7,33,2010,up,up,down,down,up,up,down,down,down,up
7200,41,7,33,2010,up,up,down,down,up,up,down,down,down,up
7205,42,7,33,2010,up,up,up,up,up,up,down,down,down,up
7210,43,7,33,2010,down,down,down,down,down,down,down,down,down,up
7215,44,7,33,2010,up,up,down,down,down,down,down,down,down,up
7220,45,7,33,2010,up,up,down,down,down,down,down,down,down,up
7225,46,7,33,2010,up,up,down,down,down,down,down,down,down,up
7230,47,7,33,2010,up,up,down,down,down,down,down,down,down,up
7235,48,7,33,2010,up,up,down,down,up,up,down,down,down,up
7240,49,7,33,2010,down,down,down,down,up,up,down,down,down,up
7245,50,7,33,2010,down,down,down,down,down,down,down,down,down,up
7250,51,7,33,2010,up,up,down,down,down,down,down,down,down,up
7255,52,7,33,2010,down,down,down,down,down,down,down,down,down,up
7285,0,8,34,2010,down,down,down,down,down,down,down,down,down,up
7290,1,8,34,2010,down,down,down,down,down,down,down,down,down,up
7295,2,8,34,2010,down,down,down,down,down,down,up,up,down,up
7300,3,8,34,2010,down,down,down,down,down,down,down,down,down,up
7305,4,8,34,2010,down,down,down,down,up,up,up,up,down,up
7310,5,8,34,2010,up,up,up,up,up,up,up,up,down,up
7315,6,8,34,2010,up,up,down,down,up,up,down,down,down,up
7320,7,8,34,2010,up,up,down,down,up,up,down,down,down,up
7325,8,8,34,2010,up,up,down,down,up,up,down,down,down,up
7330,9,8,34,2010,up,up,down,down,up,up,down,down,down,up
7335,10,8,34,2010,down,down,down,down,down,down,down,down,down,up
7340,11,8,34,2010,down,down,down,down,up,up,down,down,down,up
7345,12,8,34,2010,down,down,down,down,down,down,down,down,down,up
7350,13,8,34,2010,down,down,down,down,down,down,down,down,down,up
7355,14,8,34,2010,down,down,down,down,up,up,down,down,down,up
7360,15,8,34,2010,down,down,down,down,down,down,down,down,down,up
7365,16,8,34,2010,down,down,down,down,down,down,down,down,down,up
7370,17,8,34,2010,down,down,down,down,down,down,up,up,down,up
7375,18,8,34,2010,down,down,down,down,up,up,down,down,down,up
7380,19,8,34,2010,down,down,up,up,up,up,down,down,down,up
7385,20,8,34,2010,down,down,down,down,up,up,down,down,down,up
7390,21,8,34,2010,down,down,down,down,up,up,down,down,down,up
7395,22,8,34,2010,down,down,down,down,up,up,down,down,up,up
7400,23,8,34,2010,down,down,up,up,up,up,down,down,down,up
7405,24,8,34,2010,down,down,down,down,down,down,down,down,down,up
7410,25,8,34,2010,down,down,up,up,down,down,down,down,down,up
7415,26,8,34,2010,down,down,down,down,down,down,down,down,down,up
7420,27,8,34,2010,down,down,down,down,down,down,down,down,down,up
7425,28,8,34,2010,down,down,down,down,down,down,down,down,down,up
7430,29,8,34,2010,down,down,down,down,down,down,down,down,down,up
7435,30,8,34,2010,up,up,down,down,down,down,up,up,up,up
7440,31,8,34,2010,up,up,down,down,up,up,down,down,down,up
7445,32,8,34,2010,up,up,down,down,down,down,down,down,down,up
7450,33,8,34,2010,up,up,down,down,down,down,down,down,down,up
7455,34,8,34,2010,up,up,down,down,down,down,up,up,down,up
7460,35,8,34,2010,down,down,down,down,down,down,down,down,down,up
7465,36,8,34,2010,down,down,down,down,up,up,down,down,down,up
7470,37,8,34,2010,down,down,down,down,up,up,down,down,up,up
7475,38,8,34,2010,down,down,down,down,up,up,down,down,down,up
7480,39,8,34,2010,down,down,down,down,down,down,down,down,down,up
7485,40,8,34,2010,up,up,down,down,up,up,down,down,up,up
7490,41,8,34,2010,down,down,down,down,up,up,down,down,down,up
7495,42,8,34,2010,down,down,down,down,down,down,up,up,down,up
7500,43,8,34,2010,down,down,down,down,down,down,down,down,down,up
7505,44,8,34,2010,down,down,down,down,down,down,down,down,down,up
7510,45,8,34,2010,down,down,down,down,down,down,up,up,down,up
7515,46,8,34,2010,up,up,down,down,up,up,up,up,down,up
7520,47,8,34,2010,up,up,down,down,down,down,down,down,down,up
7525,48,8,34,2010,up,up,down,down,down,down,down,down,down,up
7530,49,8,34,2010,down,down,down,down,up,up,down,down,down,up
7535,50,8,34,2010,up,up,down,down,up,up,down,down,down,up
7540,51,8,34,2010,up,up,down,down,down,down,down,down,down,up
7545,52,8,34,2010,up,up,down,down,down,down,down,down,down,up
7550,53,8,34,2010,up,up,down,down,down,down,down,down,down,up
7555,54,8,34,2010,down,down,down,down,down,down,down,down,down,up
7560,55,8,34,2010,down,down,down,down,down,down,down,down,down,up
7565,56,8,34,2010,up,up,down,down,up,up,down,down,down,up
7570,57,8,34,2010,up,up,down,down,down,down,down,down,down,up
7575,58,8,34,2010,down,down,up,up,down,down,down,down,down,up
7580,59,8,34,2010,down,down,down,down,down,down,down,down,down,up
7585,60,8,34,2010,down,down,down,down,down,down,down,down,down,up
7620,0,9,35,2010,down,down,down,down,down,down,down,down,down,up
7625,1,9,35,2010,down,down,down,down,down,down,down,down,up,up
7630,2,9,35,2010,down,down,down,down,down,down,down,down,down,up
7635,3,9,35,2010,down,down,down,down,down,down,down,down,up,up
7640,4,9,35,2010,down,down,down,down,down,down,down,down,down,up
7645,5,9,35,2010,down,down,down,down,down,down,down,down,up,up
7650,6,9,35,2010,down,down,down,down,down,down,down,down,down,up
7655,7,9,35,2010,down,down,down,down,down,down,down,down,up,up
7660,8,9,35,2010,down,down,down,down,down,down,down,down,down,up
7665,9,9,35,2010,down,down,down,down,down,down,down,down,up,up
7670,10,9,35,2010,down,down,down,down,down,down,down,down,down,up
7675,11,9,35,2010,down,down,down,down,up,up,down,down,up,up
7680,12,9,35,2010,down,down,down,down,up,up,down,down,down,up
7685,13,9,35,2010,down,down,down,down,down,down,up,up,down,up
7690,14,9,35,2010,up,up,down,down,down,down,up,up,down,up
7695,15,9,35,2010,down,down,down,down,down,down,up,up,down,up
7700,16,9,35,2010,up,up,up,up,up,up,down,down,up,up
7705,17,9,35,2010,down,down,up,up,up,up,up,up,down,up
7710,18,9,35,2010,down,down,down,down,up,up,up,up,up,up
7715,19,9,35,2010,down,down,down,down,up,up,down,down,down,up
7720,20,9,35,2010,up,up,down,down,up,up,up,up,down,up
7725,21,9,35,2010,up,up,down,down,up,up,down,down,down,up
7730,22,9,35,2010,up,up,up,up,up,up,down,down,down,up
7735,23,9,35,2010,up,up,up,up,up,up,down,down,down,up
7740,24,9,35,2010,up,up,up,up,up,up,up,up,down,up
7745,25,9,35,2010,up,up,down,down,up,up,down,down,down,up
7750,26,9,35,2010,up,up,down,down,up,up,down,down,down,up
7755,27,9,35,2010,up,up,up,up,up,up,down,down,down,up
7760,28,9,35,2010,up,up,up,up,up,up,down,down,down,up
7765,29,9,35,2010,up,up,down,down,up,up,down,down,down,up
7770,30,9,35,2010,up,up,up,up,up,up,down,down,down,up
7775,31,9,35,2010,down,down,down,down,up,up,down,down,down,up
7780,32,9,35,2010,down,down,down,down,down,down,down,down,down,up
7785,33,9,35,2010,down,down,down,down,down,down,down,down,down,up
7790,34,9,35,2010,down,down,down,down,down,down,down,down,down,up
7795,35,9,35,2010,down,down,down,down,down,down,down,down,down,up
7805,37,9,35,2010,down,down,down,down,down,down,down,down,down,up
7810,38,9,35,2010,down,down,up,up,down,down,down,down,down,up
7815,39,9,35,2010,down,down,down,down,down,down,down,down,up,up
7820,40,9,35,2010,down,down,down,down,down,down,down,down,down,up
7825,41,9,35,2010,down,down,down,down,down,down,down,down,down,up
7830,42,9,35,2010,up,up,down,down,up,up,down,down,down,up
7835,43,9,35,2010,up,up,down,down,up,up,down,down,down,up
7840,44,9,35,2010,down,down,down,down,up,up,down,down,down,up
7845,45,9,35,2010,up,up,down,down,up,up,down,down,down,up
7850,46,9,35,2010,up,up,up,up,down,down,down,down,down,up
7855,47,9,35,2010,down,down,up,up,down,down,down,down,down,up
7860,48,9,35,2010,down,down,up,up,down,down,down,down,down,up
